[
    {
        "consent_id": "4ea713d0-a63e-47b3-849e-4e99d02c9027",
        "correlation": 0.11675109509450116,
        "message": "The submitted trajectory data is not at all same as the trajectory used for watermarking against this consent_id."
    },
    {
        "consent_id": "6ea713d0-a63e-47b3-849e-4e99d02c9027",
        "correlation": 0.36519313216204874,
        "message": "The submitted trajectory data is not at all same as the trajectory used for watermarking against this consent_id."
    },
    {
        "consent_id": "4ea713d0-a63e-47b3-849e-4e99d02c9027",
        "correlation": -0.3991415091583376,
        "message": "The submitted trajectory data is not at all same as the trajectory used for watermarking against this consent_id."
    },
    {
        "consent_id": "16a713d0-a63e-47b3-849e-4e99d02c9027",
        "correlation": -0.22249320948001877,
        "message": "The submitted trajectory data is not at all same as the trajectory used for watermarking against this consent_id."
    },
    {
        "consent_id": "655d1a25-59df-43be-bcbf-6b6ac7594b5a",
        "correlation": -0.04499968579533102,
        "message": "The submitted trajectory data is not at all same as the trajectory used for watermarking against this consent_id."
    },
    {
        "consent_id": "25a713d0-a63e-47b3-849e-4e99d02c9027",
        "correlation": 0.21496059769981285,
        "message": "The submitted trajectory data is not at all same as the trajectory used for watermarking against this consent_id."
    },
    {
        "consent_id": "c_001",
        "correlation": 0.9999999999999999,
        "message": "The submitted trajectory data has not been intruded with respect to the trajectory used for watermarking against this consent_id."
    },
    {
        "consent_id": "c_012",
        "correlation": 0.12838323786185565,
        "message": "The submitted trajectory data is not at all same as the trajectory used for watermarking against this consent_id."
    }
]
