[
    {
        "consent_id": "4ea713d0-a63e-47b3-849e-4e99d02c9027",
        "correlation": 0.11675184503307595,
        "message": "The submitted trajectory data is not at all same as the trajectory used for watermarking against this consent_id."
    },
    {
        "consent_id": "6ea713d0-a63e-47b3-849e-4e99d02c9027",
        "correlation": 0.36519362188035565,
        "message": "The submitted trajectory data is not at all same as the trajectory used for watermarking against this consent_id."
    },
    {
        "consent_id": "4ea713d0-a63e-47b3-849e-4e99d02c9027",
        "correlation": -0.3991401557704828,
        "message": "The submitted trajectory data is not at all same as the trajectory used for watermarking against this consent_id."
    },
    {
        "consent_id": "16a713d0-a63e-47b3-849e-4e99d02c9027",
        "correlation": -0.22249374384796805,
        "message": "The submitted trajectory data is not at all same as the trajectory used for watermarking against this consent_id."
    },
    {
        "consent_id": "655d1a25-59df-43be-bcbf-6b6ac7594b5a",
        "correlation": -0.0449989021063832,
        "message": "The submitted trajectory data is not at all same as the trajectory used for watermarking against this consent_id."
    },
    {
        "consent_id": "25a713d0-a63e-47b3-849e-4e99d02c9027",
        "correlation": 0.2149593664175496,
        "message": "The submitted trajectory data is not at all same as the trajectory used for watermarking against this consent_id."
    },
    {
        "consent_id": "c_001",
        "correlation": 0.12838323783177036,
        "message": "The submitted trajectory data is not at all same as the trajectory used for watermarking against this consent_id."
    },
    {
        "consent_id": "c_012",
        "correlation": 1.0,
        "message": "The submitted trajectory data has not been intruded with respect to the trajectory used for watermarking against this consent_id."
    }
]
