[
    {
        "consent_id": "4ea713d0-a63e-47b3-849e-4e99d02c9027",
        "correlation": 0.11675210847652134,
        "message": "The submitted trajectory data is not at all same as the trajectory used for watermarking against this consent_id."
    },
    {
        "consent_id": "6ea713d0-a63e-47b3-849e-4e99d02c9027",
        "correlation": 0.3651936399441913,
        "message": "The submitted trajectory data is not at all same as the trajectory used for watermarking against this consent_id."
    },
    {
        "consent_id": "4ea713d0-a63e-47b3-849e-4e99d02c9027",
        "correlation": -0.3991401865436333,
        "message": "The submitted trajectory data is not at all same as the trajectory used for watermarking against this consent_id."
    },
    {
        "consent_id": "16a713d0-a63e-47b3-849e-4e99d02c9027",
        "correlation": -0.22249366473598753,
        "message": "The submitted trajectory data is not at all same as the trajectory used for watermarking against this consent_id."
    },
    {
        "consent_id": "655d1a25-59df-43be-bcbf-6b6ac7594b5a",
        "correlation": -0.044998928327594806,
        "message": "The submitted trajectory data is not at all same as the trajectory used for watermarking against this consent_id."
    },
    {
        "consent_id": "25a713d0-a63e-47b3-849e-4e99d02c9027",
        "correlation": 0.21495933279073265,
        "message": "The submitted trajectory data is not at all same as the trajectory used for watermarking against this consent_id."
    },
    {
        "consent_id": "c_001",
        "correlation": 0.10998526440406117,
        "message": "The submitted trajectory data is not at all same as the trajectory used for watermarking against this consent_id."
    },
    {
        "consent_id": "c_012",
        "correlation": 0.967091508528354,
        "message": "The submitted trajectory data may have been intruded and is not same as the original used while watermarking against this consent_id."
    }
]
