{
  "consent_id": "c_012",
  "trip_data": {
        "trip_id": "dummy_trip_12",
        "data": [
            {
                "metric_id": "6587929f-e425-498b-b450-aa615851400b",
                "values": [
                    [
                        41.141412,-8.618643
                    ],
                    [
                        41.141376,-8.618499
                    ],
                    [
                        41.14251,-8.620326
                    ],
                    [
                        41.143815,-8.622153
                    ],
                    [
                        41.144373,-8.623953
                    ],
                    [
                        41.144778,-8.62668
                    ],
                    [
                        41.144697,-8.627373
                    ],
                    [
                        41.14521,-8.630226
                    ],
                    [
                        41.14692,-8.632746
                    ],
                    [
                        41.148225,-8.631738
                    ],
                    [
                        41.150385,-8.629938
                    ],
                    [
                        41.151213,-8.62911
                    ],
                    [
                        41.15124,-8.629128
                    ],
                    [
                        41.152203,-8.628786
                    ],
                    [
                        41.152374,-8.628687
                    ],
                    [
                        41.152518,-8.628759
                    ],
                    [
                        41.15268,-8.630838
                    ],
                    [
                        41.153022,-8.632323
                    ],
                    [
                        41.154489,-8.631144
                    ],
                    [
                        41.154507,-8.630829
                    ],
                    [
                        41.154516,-8.630829
                    ],
                    [
                        41.154498,-8.630829
                    ],
                    [
                        41.154489,-8.630838
                    ]
                ],
                "timestamps": [
                    1654676108949,
                    1654676145764,
                    1654676149727,
                    1654676153750,
                    1654676157754,
                    1654676167760,
                    1654676172751,
                    1654676176766,
                    1654676179755,
                    1654676181751,
                    1654676190154,
                    1654676191970,
                    1654676194738,
                    1654676199850,
                    1654676203809,
                    1654676252746,
                    1654676255013,
                    1654676260903,
                    1654676263746,
                    1654676266744,
                    1654676311769,
                    1654676320739,
                    1654676322987
                ]
            }
        ],
        "consent_ids": [
            "c_012"
        ],
        "is_complete_trip": true
}
}
