latitude,longitude,trip_timestamp,trip_id,watermarked_lat,watermarked_long,dist
52.391,9.7521,1654676108948,881adde5-5f36-4952-915d-42e971ce8529,52.390925,9.752099999999999,8.339619498072604
52.3909,9.752,1654676145902,881adde5-5f36-4952-915d-42e971ce8529,52.39092842383194,9.751965354517532,3.9391044135117816
52.3908,9.7519,1654676149867,881adde5-5f36-4952-915d-42e971ce8529,52.39090151650429,9.751926516504295,11.430636485062262
52.3908,9.7518,1654676153903,881adde5-5f36-4952-915d-42e971ce8529,52.3908898632442,9.751814350628711,10.03967744265998
52.3907,9.7516,1654676157892,881adde5-5f36-4952-915d-42e971ce8529,52.39073750000001,9.7515625,4.884970369992902
52.3907,9.7515,1654676167911,881adde5-5f36-4952-915d-42e971ce8529,52.3906631697644,9.75151435062871,4.209525639018789
52.3906,9.7513,1654676172880,881adde5-5f36-4952-915d-42e971ce8529,52.39064848349572,9.751326516504294,5.683483643718298
52.3905,9.7512,1654676176915,881adde5-5f36-4952-915d-42e971ce8529,52.390418543159484,9.75116535451753,9.357737112631693
52.3905,9.751,1654676179898,881adde5-5f36-4952-915d-42e971ce8529,52.39050000000001,9.750999999999998,7.155080319361541e-10
52.3904,9.7509,1654676181898,881adde5-5f36-4952-915d-42e971ce8529,52.39031854315948,9.750934645482468,9.357738450817472
52.3904,9.7507,1654676183928,881adde5-5f36-4952-915d-42e971ce8529,52.39044848349571,9.750673483495707,5.683486223780337
52.3904,9.7505,1654676185898,881adde5-5f36-4952-915d-42e971ce8529,52.3903631697644,9.750485649371287,4.209527170294803
52.3903,9.7504,1654676187916,881adde5-5f36-4952-915d-42e971ce8529,52.39033750000001,9.750437500000002,4.884982383409543
52.3909,9.751,1654676190310,881adde5-5f36-4952-915d-42e971ce8529,52.390989863244194,9.750985649371284,10.039677227982844
52.3911,9.75,1654676190314,881adde5-5f36-4952-915d-42e971ce8529,52.3912015165043,9.749973483495706,11.430634560491097
52.3912,9.7498,1654676192124,881adde5-5f36-4952-915d-42e971ce8529,52.39122842383193,9.749834645482467,3.9390948763163585
52.3911,9.7498,1654676192130,881adde5-5f36-4952-915d-42e971ce8529,52.3910625,9.749800000000004,4.169809750097286
52.3911,9.7497,1654676194889,881adde5-5f36-4952-915d-42e971ce8529,52.39113321822371,9.749570500712116,9.532379932702286
52.3909,9.751,1654676200008,881adde5-5f36-4952-915d-42e971ce8529,52.390942991747856,9.750986741747854,4.864389352724221
52.3911,9.7495,1654676200015,881adde5-5f36-4952-915d-42e971ce8529,52.39110277594306,9.749458345507604,2.8434245753992125
52.3912,9.7495,1654676203963,881adde5-5f36-4952-915d-42e971ce8529,52.39118124999999,9.749481250000002,2.4424780998267956
52.3912,9.7495,1654676203984,881adde5-5f36-4952-915d-42e971ce8529,52.39115972405693,9.74956441152478,6.257902878304788
52.3913,9.7495,1654676206886,881adde5-5f36-4952-915d-42e971ce8529,52.39136950825215,9.749486741747852,7.781152235917392
52.3914,9.7496,1654676209902,881adde5-5f36-4952-915d-42e971ce8529,52.391329281776294,9.749576566729292,8.022674515934286
52.3915,9.7496,1654676211892,881adde5-5f36-4952-915d-42e971ce8529,52.3915,9.749600000000001,2.1582644751608172e-10
52.3917,9.7496,1654676214861,881adde5-5f36-4952-915d-42e971ce8529,52.3916292817763,9.749623433270704,8.022672373702836
52.3918,9.7497,1654676217891,881adde5-5f36-4952-915d-42e971ce8529,52.39186950825215,9.749713258252148,7.781151058208871
52.3919,9.7497,1654676220897,881adde5-5f36-4952-915d-42e971ce8529,52.39185972405692,9.74963558847522,6.25785446197194
52.392,9.7497,1654676223891,881adde5-5f36-4952-915d-42e971ce8529,52.39198125,9.749718750000003,2.442466086183115
52.3921,9.7498,1654676226888,881adde5-5f36-4952-915d-42e971ce8529,52.392102775943066,9.749841654492396,2.843360912794548
52.3921,9.7498,1654676230898,881adde5-5f36-4952-915d-42e971ce8529,52.39214299174785,9.749813258252146,4.864384828013732
52.3922,9.7499,1654676235922,881adde5-5f36-4952-915d-42e971ce8529,52.39223321822371,9.750029499287884,9.532178036226092
52.3923,9.7498,1654676238904,881adde5-5f36-4952-915d-42e971ce8529,52.392206249999994,9.7498,10.42452437382857
52.3924,9.7499,1654676244894,881adde5-5f36-4952-915d-42e971ce8529,52.392421722112516,9.749911574685644,2.539879409894254
52.3925,9.7499,1654676252897,881adde5-5f36-4952-915d-42e971ce8529,52.39253977475644,9.749902274756442,4.425443891202663
52.3925,9.7499,1654676255111,881adde5-5f36-4952-915d-42e971ce8529,52.392560570796824,9.749863927258765,7.166172978275292
52.3925,9.7497,1654676255115,881adde5-5f36-4952-915d-42e971ce8529,52.39249999999999,9.749756250000003,3.8169325260672164
52.3925,9.7496,1654676255893,881adde5-5f36-4952-915d-42e971ce8529,52.39247692920317,9.749601427258762,2.5671830606881274
52.3925,9.7494,1654676256876,881adde5-5f36-4952-915d-42e971ce8529,52.39246022524355,9.749477274756442,6.85974482676883
52.3925,9.7491,1654676257902,881adde5-5f36-4952-915d-42e971ce8529,52.39251577788748,9.749074074685641,2.4845095510333213
52.3925,9.7489,1654676258894,881adde5-5f36-4952-915d-42e971ce8529,52.39244374999999,9.748900000000003,6.2547146244386065
52.3925,9.7487,1654676259889,881adde5-5f36-4952-915d-42e971ce8529,52.39251577788747,9.748725925314357,2.4845095499579695
52.3925,9.7485,1654676261060,881adde5-5f36-4952-915d-42e971ce8529,52.39246022524355,9.74842272524356,6.8597448266863426
52.3925,9.7487,1654676261060,881adde5-5f36-4952-915d-42e971ce8529,52.39247692920318,9.748698572741233,2.56718305998945
52.3926,9.7484,1654676261903,881adde5-5f36-4952-915d-42e971ce8529,52.392599999999995,9.748343750000002,3.8169238776588075
52.3926,9.7482,1654676262889,881adde5-5f36-4952-915d-42e971ce8529,52.39266057079682,9.748236072741234,7.16617108257388
52.3926,9.748,1654676263899,881adde5-5f36-4952-915d-42e971ce8529,52.39263977475645,9.74799772524356,4.425443878996615
52.3926,9.7479,1654676264882,881adde5-5f36-4952-915d-42e971ce8529,52.39262172211252,9.747888425314354,2.5398783099994167
52.3926,9.7476,1654676266891,881adde5-5f36-4952-915d-42e971ce8529,52.39258125000001,9.747600000000002,2.084904873633997
52.3926,9.7473,1654676268893,881adde5-5f36-4952-915d-42e971ce8529,52.39255473349571,9.747349665875577,6.057481848000015
52.3926,9.7472,1654676270871,881adde5-5f36-4952-915d-42e971ce8529,52.392618750000004,9.747082950487117,8.211643176088481
52.3926,9.747,1654676307893,881adde5-5f36-4952-915d-42e971ce8529,52.392607766504305,9.746954371021824,3.214400438518572
52.3926,9.7469,1654676311901,881adde5-5f36-4952-915d-42e971ce8529,52.39265625,9.7469375,6.752519303553357
52.3926,9.7467,1654676320894,881adde5-5f36-4952-915d-42e971ce8529,52.392607766504284,9.746676338013236,1.8231308120073915
52.3926,9.7467,1654676323153,881adde5-5f36-4952-915d-42e971ce8529,52.39261875000001,9.746657950487117,3.5338809632650836
52.3926,9.7466,1654676323156,881adde5-5f36-4952-915d-42e971ce8529,52.392554733495714,9.746521632866994,7.322108811305608
52.3928,9.7465,1654676324874,881adde5-5f36-4952-915d-42e971ce8529,52.392781250000006,9.746500000000001,2.084904873633997
52.3928,9.7464,1654676326039,881adde5-5f36-4952-915d-42e971ce8529,52.392754733495714,9.746478367133003,7.322091310345773
52.3929,9.7464,1654676326040,881adde5-5f36-4952-915d-42e971ce8529,52.39291875,9.746442049512885,3.533865303570982
52.393,9.7462,1654676326947,881adde5-5f36-4952-915d-42e971ce8529,52.393007766504304,9.746223661986763,1.8231179975448162
52.3931,9.7462,1654676328054,881adde5-5f36-4952-915d-42e971ce8529,52.39315624999999,9.746162499999999,6.7525084396824075
52.3932,9.7461,1654676328058,881adde5-5f36-4952-915d-42e971ce8529,52.39320776650429,9.746145628978175,3.214359894162601
52.3932,9.7461,1654676329034,881adde5-5f36-4952-915d-42e971ce8529,52.39321875,9.746217049512884,8.211538738981071
52.3933,9.746,1654676329046,881adde5-5f36-4952-915d-42e971ce8529,52.39325473349571,9.74595033412442,6.057452109244775
52.3934,9.7459,1654676329899,881adde5-5f36-4952-915d-42e971ce8529,52.39334375,9.745899999999999,6.254714623731283
52.3935,9.7458,1654676330898,881adde5-5f36-4952-915d-42e971ce8529,52.393516034195216,9.7458559151178,4.192155641746822
52.3935,9.7457,1654676331883,881adde5-5f36-4952-915d-42e971ce8529,52.39349450825216,9.745758524756441,4.0178760821004245
52.3936,9.7457,1654676332903,881adde5-5f36-4952-915d-42e971ce8529,52.39351602352415,9.745676711915964,9.470522434840523
52.3936,9.7457,1654676334114,881adde5-5f36-4952-915d-42e971ce8529,52.3936,9.745718749999998,1.2722791316978472
52.3937,9.7456,1654676334115,881adde5-5f36-4952-915d-42e971ce8529,52.39371995997155,9.74567822842026,5.753484907254153
52.3939,9.7455,1654676334900,881adde5-5f36-4952-915d-42e971ce8529,52.39386799174786,9.745521024756442,3.834428263634218
52.394,9.7454,1654676335885,881adde5-5f36-4952-915d-42e971ce8529,52.39397298230907,9.745407431622098,3.046257462843819
52.3941,9.7453,1654676336896,881adde5-5f36-4952-915d-42e971ce8529,52.39408125,9.7453,2.084904875048643
52.3942,9.7452,1654676337907,881adde5-5f36-4952-915d-42e971ce8529,52.39417298230907,9.745192568377906,3.0462570845233805
52.3943,9.7451,1654676338885,881adde5-5f36-4952-915d-42e971ce8529,52.39426799174787,9.74507897524356,3.8344234515646978
52.3943,9.7451,1654676340142,881adde5-5f36-4952-915d-42e971ce8529,52.39431995997156,9.745021771579742,5.753418328127818
52.3944,9.745,1654676340148,881adde5-5f36-4952-915d-42e971ce8529,52.3944,9.744981249999999,1.2722560695092846
52.3945,9.7449,1654676340932,881adde5-5f36-4952-915d-42e971ce8529,52.394416023524144,9.744923288084035,9.470517058728182
52.3945,9.7449,1654676342011,881adde5-5f36-4952-915d-42e971ce8529,52.39449450825216,9.744841475243557,4.01778714642727
52.3946,9.7448,1654676342012,881adde5-5f36-4952-915d-42e971ce8529,52.39461603419522,9.7447440848822,4.192070055214086
52.3947,9.7447,1654676342900,881adde5-5f36-4952-915d-42e971ce8529,52.3947375,9.744699999999998,4.16980974868264
52.3948,9.7447,1654676345050,881adde5-5f36-4952-915d-42e971ce8529,52.39481157468565,9.744720177258765,1.8790664585025754
52.3949,9.7446,1654676345051,881adde5-5f36-4952-915d-42e971ce8529,52.39484147524355,9.744639774756441,7.045089850968439
52.395,9.7444,1654676345893,881adde5-5f36-4952-915d-42e971ce8529,52.39503607274124,9.744369675314354,4.508074647512988
52.3951,9.7444,1654676348128,881adde5-5f36-4952-915d-42e971ce8529,52.395006249999994,9.744418749999998,10.501871071525605
52.3952,9.7443,1654676348134,881adde5-5f36-4952-915d-42e971ce8529,52.39520142725877,9.744344675314355,3.035480054600827
52.3953,9.7442,1654676348894,881adde5-5f36-4952-915d-42e971ce8529,52.395321024756434,9.744239774756439,3.570585990103012
52.3954,9.7442,1654676350011,881adde5-5f36-4952-915d-42e971ce8529,52.39542592531437,9.744145177258762,4.706115220846331
52.3954,9.7441,1654676350018,881adde5-5f36-4952-915d-42e971ce8529,52.395475,9.744099999999996,8.339619498072604
52.3955,9.744,1654676350894,881adde5-5f36-4952-915d-42e971ce8529,52.39552592531436,9.744054822741235,4.706108557841628
52.3956,9.7439,1654676351901,881adde5-5f36-4952-915d-42e971ce8529,52.39562102475644,9.743860225243557,3.5705721234183945
52.3957,9.7438,1654676352887,881adde5-5f36-4952-915d-42e971ce8529,52.395701427258764,9.743755324685642,3.035445757311887
52.3958,9.7438,1654676354078,881adde5-5f36-4952-915d-42e971ce8529,52.39570624999999,9.743781249999998,10.50186862761618
52.3958,9.7437,1654676354098,881adde5-5f36-4952-915d-42e971ce8529,52.39583607274123,9.743730324685643,4.508057622254981
52.3959,9.7436,1654676354878,881adde5-5f36-4952-915d-42e971ce8529,52.39584147524355,9.743560225243558,7.045066424248891
52.396,9.7435,1654676355880,881adde5-5f36-4952-915d-42e971ce8529,52.39601157468566,9.743479822741232,1.8790393353346952
52.3961,9.7434,1654676356874,881adde5-5f36-4952-915d-42e971ce8529,52.3960625,9.743399999999998,4.16980974868264
52.3962,9.7433,1654676357911,881adde5-5f36-4952-915d-42e971ce8529,52.39627551261549,9.743250334124417,9.047610363814456
52.3963,9.7432,1654676358894,881adde5-5f36-4952-915d-42e971ce8529,52.3963,9.743135983495707,4.343566917140178
52.3964,9.7432,1654676360000,881adde5-5f36-4952-915d-42e971ce8529,52.39635318864194,9.743245628978174,6.056309916140188
52.3964,9.7431,1654676360003,881adde5-5f36-4952-915d-42e971ce8529,52.39643749999999,9.743137500000001,4.8847991809129745
52.3965,9.743,1654676360897,881adde5-5f36-4952-915d-42e971ce8529,52.39649377834947,9.743023661986761,1.748188400583425
52.3966,9.743,1654676362014,881adde5-5f36-4952-915d-42e971ce8529,52.3966,9.743010983495708,0.7452331987366668
52.3967,9.7429,1654676362019,881adde5-5f36-4952-915d-42e971ce8529,52.39667752039311,9.742978367133006,5.875451325719368
52.3968,9.7428,1654676362894,881adde5-5f36-4952-915d-42e971ce8529,52.396762499999994,9.742799999999999,4.169809749389963
52.3969,9.7427,1654676363896,881adde5-5f36-4952-915d-42e971ce8529,52.39687752039312,9.74262163286699,5.875429516961945
52.397,9.7426,1654676364893,881adde5-5f36-4952-915d-42e971ce8529,52.39699999999999,9.742589016504295,0.7452264433684606
52.397,9.7425,1654676365891,881adde5-5f36-4952-915d-42e971ce8529,52.396993778349454,9.742476338013235,1.748171695776178
52.3971,9.7424,1654676366889,881adde5-5f36-4952-915d-42e971ce8529,52.397137499999985,9.7423625,4.884778157977294
52.3972,9.7424,1654676367899,881adde5-5f36-4952-915d-42e971ce8529,52.39715318864196,9.742354371021822,6.056281223739615
52.3973,9.7423,1654676368890,881adde5-5f36-4952-915d-42e971ce8529,52.39730000000001,9.742364016504297,4.343468489036513
52.3974,9.7422,1654676370886,881adde5-5f36-4952-915d-42e971ce8529,52.39747551261547,9.74224966587558,9.047576232668334
52.3975,9.7421,1654676372908,881adde5-5f36-4952-915d-42e971ce8529,52.397575,9.7421,8.339619498072604
52.3976,9.742,1654676375898,881adde5-5f36-4952-915d-42e971ce8529,52.397565354517525,9.741938838013239,5.662292054630742
52.3976,9.742,1654676379010,881adde5-5f36-4952-915d-42e971ce8529,52.39761553300859,9.742000000000003,1.7271917506563872
52.3977,9.742,1654676379018,881adde5-5f36-4952-915d-42e971ce8529,52.39768564937128,9.741987834124423,1.7965690203393465
52.3977,9.742,1654676397074,881adde5-5f36-4952-915d-42e971ce8529,52.3977,9.742000000000004,2.1579612890160782e-10
52.3978,9.7419,1654676397074,881adde5-5f36-4952-915d-42e971ce8529,52.39781435062872,9.741940867133009,3.1991512067533305
52.3979,9.7419,1654676399899,881adde5-5f36-4952-915d-42e971ce8529,52.39780946699141,9.741899999999998,10.06681124872899
52.398,9.7419,1654676402005,881adde5-5f36-4952-915d-42e971ce8529,52.398034645482475,9.741891871021828,3.8916823963976603
52.3981,9.7418,1654676402006,881adde5-5f36-4952-915d-42e971ce8529,52.398174999999995,9.741800000000001,8.339619498072604
52.3982,9.7418,1654676403917,881adde5-5f36-4952-915d-42e971ce8529,52.398234645482475,9.741808128978176,3.891682042171765
52.3982,9.7418,1654676406067,881adde5-5f36-4952-915d-42e971ce8529,52.398109466991414,9.7418,10.06681124872899
52.3983,9.7418,1654676406067,881adde5-5f36-4952-915d-42e971ce8529,52.39831435062871,9.741759132866996,3.1991239751381224
52.3984,9.7418,1654676407902,881adde5-5f36-4952-915d-42e971ce8529,52.398399999999995,9.741800000000001,7.155051188999055e-10
52.3985,9.7417,1654676410870,881adde5-5f36-4952-915d-42e971ce8529,52.398485649371295,9.741712165875581,1.7965621437083046
52.3985,9.7417,1654676414115,881adde5-5f36-4952-915d-42e971ce8529,52.398515533008585,9.741699999999998,1.727191749949064
52.3986,9.7415,1654676414127,881adde5-5f36-4952-915d-42e971ce8529,52.39856535451754,9.741561161986766,5.662223134240855
52.3986,9.7414,1654676420892,881adde5-5f36-4952-915d-42e971ce8529,52.39876875,9.741399999999999,18.764143871193852
52.3986,9.7411,1654676422896,881adde5-5f36-4952-915d-42e971ce8529,52.398618750000026,9.741050334124418,3.9625292441754167
52.3986,9.741,1654676423895,881adde5-5f36-4952-915d-42e971ce8529,52.39859223349571,9.740999999999996,0.863595874974532
52.3986,9.741,1654676426082,881adde5-5f36-4952-915d-42e971ce8529,52.39861875000001,9.741045628978176,3.732397604172644
52.3986,9.7408,1654676426085,881adde5-5f36-4952-915d-42e971ce8529,52.39858125000001,9.740799999999997,2.08490487434132
52.3986,9.7408,1654676427046,881adde5-5f36-4952-915d-42e971ce8529,52.39861875000002,9.740823661986763,2.6313750988679163
52.3986,9.7406,1654676427051,881adde5-5f36-4952-915d-42e971ce8529,52.3986452665043,9.740599999999999,5.033405625071818
52.3987,9.7404,1654676429002,881adde5-5f36-4952-915d-42e971ce8529,52.398718750000015,9.740478367133004,5.711136152144298
52.3987,9.7403,1654676429007,881adde5-5f36-4952-915d-42e971ce8529,52.398643750000005,9.740299999999998,6.25471462302396
52.3987,9.7402,1654676429897,881adde5-5f36-4952-915d-42e971ce8529,52.398718750000015,9.740121632866993,5.711136152244748
52.3987,9.74,1654676430909,881adde5-5f36-4952-915d-42e971ce8529,52.3987452665043,9.739999999999998,5.0334056257791415
52.3987,9.7398,1654676431897,881adde5-5f36-4952-915d-42e971ce8529,52.398718750000015,9.739776338013238,2.63137287925731
52.3988,9.7397,1654676432892,881adde5-5f36-4952-915d-42e971ce8529,52.39878125000001,9.739699999999996,2.084904873633997
52.3988,9.7395,1654676433895,881adde5-5f36-4952-915d-42e971ce8529,52.398818750000025,9.739454371021825,3.7323859665464614
52.3988,9.7394,1654676434886,881adde5-5f36-4952-915d-42e971ce8529,52.39879223349571,9.739399999999998,0.863595874974532
52.3988,9.7392,1654676435907,881adde5-5f36-4952-915d-42e971ce8529,52.39881875000002,9.73924966587558,3.962516255658455
52.3989,9.7391,1654676436876,881adde5-5f36-4952-915d-42e971ce8529,52.39897499999999,9.739100000000002,8.339619498072604
52.3989,9.7389,1654676437889,881adde5-5f36-4952-915d-42e971ce8529,52.39890751019656,9.73897525630774,5.173736005226142
52.3989,9.7389,1654676439009,881adde5-5f36-4952-915d-42e971ce8529,52.39891874999999,9.738817233495709,5.9899876007696005
52.3989,9.7387,1654676439015,881adde5-5f36-4952-915d-42e971ce8529,52.39891563917474,9.738685905679024,1.984573253665358
52.3989,9.7386,1654676439890,881adde5-5f36-4952-915d-42e971ce8529,52.3989,9.7386,0.0
52.3989,9.7384,1654676440890,881adde5-5f36-4952-915d-42e971ce8529,52.39889534432098,9.73843438917473,2.3899356570358377
52.399,9.7383,1654676441893,881adde5-5f36-4952-915d-42e971ce8529,52.39901875,9.738329733495709,2.901101679459928
52.399,9.7381,1654676442895,881adde5-5f36-4952-915d-42e971ce8529,52.399056506307744,9.738073739803443,6.530935029251773
52.399,9.7379,1654676443894,881adde5-5f36-4952-915d-42e971ce8529,52.399,9.737900000000002,1.0789488572614765e-10
52.3991,9.7376,1654676444898,881adde5-5f36-4952-915d-42e971ce8529,52.39915650630774,9.737626260196556,6.530933927031007
52.3991,9.7376,1654676446017,881adde5-5f36-4952-915d-42e971ce8529,52.39911875,9.7375702665043,2.9010984995257116
52.3991,9.7374,1654676446024,881adde5-5f36-4952-915d-42e971ce8529,52.399095344320976,9.737365610825268,2.3899253329339682
52.3991,9.7372,1654676447009,881adde5-5f36-4952-915d-42e971ce8529,52.39909999999999,9.7372,1.4146461779773745e-09
52.3991,9.7372,1654676447024,881adde5-5f36-4952-915d-42e971ce8529,52.39911563917474,9.737214094320974,1.9845711645639506
52.3991,9.737,1654676447902,881adde5-5f36-4952-915d-42e971ce8529,52.39911874999999,9.737082766504296,5.989963740158975
52.3992,9.7368,1654676448880,881adde5-5f36-4952-915d-42e971ce8529,52.39920751019656,9.73672474369226,5.173701746398514
52.3992,9.7367,1654676450033,881adde5-5f36-4952-915d-42e971ce8529,52.399181250000005,9.736700000000003,2.08490487434132
52.3992,9.7366,1654676450037,881adde5-5f36-4952-915d-42e971ce8529,52.39915195755263,9.73664669376306,6.210797249688162
52.3992,9.7364,1654676450911,881adde5-5f36-4952-915d-42e971ce8529,52.39925075825215,9.736375758252144,5.87881707858075
52.3992,9.7362,1654676451892,881adde5-5f36-4952-915d-42e971ce8529,52.39927848472799,9.73619619181865,8.73092733741091
52.3992,9.7361,1654676453002,881adde5-5f36-4952-915d-42e971ce8529,52.399275,9.736081250000002,8.436085232622307
52.3992,9.736,1654676453057,881adde5-5f36-4952-915d-42e971ce8529,52.399174548280584,9.736018158810065,3.086635948915569
52.3993,9.7359,1654676453896,881adde5-5f36-4952-915d-42e971ce8529,52.39932424174785,9.735950758252148,4.373265618476481
52.3993,9.7358,1654676455046,881adde5-5f36-4952-915d-42e971ce8529,52.399295009438774,9.735718660754472,5.546383197570153
52.3993,9.7357,1654676455071,881adde5-5f36-4952-915d-42e971ce8529,52.39931875,9.735700000000001,2.084904875048643
52.3993,9.7356,1654676455896,881adde5-5f36-4952-915d-42e971ce8529,52.399295009438774,9.73568133924553,5.546383197892212
52.3993,9.7353,1654676457030,881adde5-5f36-4952-915d-42e971ce8529,52.39932424174785,9.735249241747852,4.373265618561442
52.3993,9.7355,1654676457030,881adde5-5f36-4952-915d-42e971ce8529,52.39927454828058,9.735481841189937,3.086634834431813
52.3993,9.7352,1654676458167,881adde5-5f36-4952-915d-42e971ce8529,52.39937499999999,9.735218750000001,8.43608479720003
52.3993,9.7351,1654676458177,881adde5-5f36-4952-915d-42e971ce8529,52.39937848472799,9.73510380818135,8.730927320083161
52.3992,9.7349,1654676458892,881adde5-5f36-4952-915d-42e971ce8529,52.39925075825215,9.734924241747851,5.878817078520378
52.3992,9.7347,1654676459892,881adde5-5f36-4952-915d-42e971ce8529,52.39915195755263,9.734653306236943,6.210797249578094
52.3992,9.7346,1654676460892,881adde5-5f36-4952-915d-42e971ce8529,52.39918125000001,9.734599999999999,2.084904873633997
52.3992,9.7344,1654676461894,881adde5-5f36-4952-915d-42e971ce8529,52.39919702788749,9.734466152547986,4.500355187491593
52.3991,9.7342,1654676463900,881adde5-5f36-4952-915d-42e971ce8529,52.39916174174786,9.734213258252147,6.924047765568144
52.3991,9.734,1654676466895,881adde5-5f36-4952-915d-42e971ce8529,52.39905817920317,9.733986714156172,4.736817452960518
52.399,9.7338,1654676469886,881adde5-5f36-4952-915d-42e971ce8529,52.399,9.73381875,1.2721234562755361
52.399,9.7336,1654676480036,881adde5-5f36-4952-915d-42e971ce8529,52.399041820796825,9.73348064813899,9.337893046238321
52.399,9.7337,1654676480036,881adde5-5f36-4952-915d-42e971ce8529,52.39908825825215,9.733713258252148,9.855008337162136
52.3989,9.7334,1654676481897,881adde5-5f36-4952-915d-42e971ce8529,52.39890297211252,9.733360086530809,2.728090170947269
52.3989,9.7333,1654676483891,881adde5-5f36-4952-915d-42e971ce8529,52.39891875000001,9.733299999999998,2.0849048757559663
52.3988,9.7331,1654676485897,881adde5-5f36-4952-915d-42e971ce8529,52.39880297211253,9.73313991346919,2.728096262684738
52.3988,9.7329,1654676487889,881adde5-5f36-4952-915d-42e971ce8529,52.39888825825216,9.732886741747855,9.85500870929904
52.3987,9.7327,1654676489909,881adde5-5f36-4952-915d-42e971ce8529,52.39874182079682,9.732819351861005,9.337940787833356
52.3987,9.7326,1654676490912,881adde5-5f36-4952-915d-42e971ce8529,52.398700000000005,9.732581249999997,1.2721321055242594
52.3986,9.7323,1654676492897,881adde5-5f36-4952-915d-42e971ce8529,52.39855817920318,9.732313285843826,4.736819396667112
52.3986,9.7321,1654676494885,881adde5-5f36-4952-915d-42e971ce8529,52.39866174174786,9.732086741747853,6.924049089060168
52.3985,9.7318,1654676496896,881adde5-5f36-4952-915d-42e971ce8529,52.39849702788749,9.731733847452013,4.500426196052371
52.3985,9.7316,1654676499010,881adde5-5f36-4952-915d-42e971ce8529,52.398574999999994,9.731600000000002,8.33961949736528
52.3985,9.7317,1654676499010,881adde5-5f36-4952-915d-42e971ce8529,52.39853607274123,9.731707175314357,4.040540719034816
52.3984,9.7314,1654676500910,881adde5-5f36-4952-915d-42e971ce8529,52.39830397524355,9.731375758252147,10.8034002736576
52.3984,9.7312,1654676502885,881adde5-5f36-4952-915d-42e971ce8529,52.39842592531436,9.731217322741234,3.113143999207936
52.3984,9.7312,1654676505065,881adde5-5f36-4952-915d-42e971ce8529,52.398456249999995,9.73121875,6.382773304056624
52.3984,9.731,1654676505067,881adde5-5f36-4952-915d-42e971ce8529,52.39841157468565,9.731017322741232,1.7429369632862708
52.3983,9.7308,1654676506904,881adde5-5f36-4952-915d-42e971ce8529,52.398283524756444,9.730850758252146,3.9007756375532945
52.3983,9.7306,1654676509899,881adde5-5f36-4952-915d-42e971ce8529,52.39830142725877,9.730607175314356,0.5120436685295379
52.3983,9.7304,1654676512889,881adde5-5f36-4952-915d-42e971ce8529,52.39818749999999,9.730400000000001,12.50942924816989
52.3983,9.7303,1654676517895,881adde5-5f36-4952-915d-42e971ce8529,52.398301427258765,9.730292824685643,0.5120436685154753
52.3983,9.7301,1654676521010,881adde5-5f36-4952-915d-42e971ce8529,52.39828352475644,9.730049241747851,3.900775638075997
52.3982,9.73,1654676521011,881adde5-5f36-4952-915d-42e971ce8529,52.398211574685654,9.729982677258764,1.7429405555643387
52.3982,9.7298,1654676522895,881adde5-5f36-4952-915d-42e971ce8529,52.39825625,9.729781249999998,6.382774453946116
52.3982,9.7298,1654676525116,881adde5-5f36-4952-915d-42e971ce8529,52.398225925314364,9.729782677258763,3.1131460103553263
52.3982,9.7296,1654676525126,881adde5-5f36-4952-915d-42e971ce8529,52.398103975243565,9.72962424174785,10.80340140715595
52.3982,9.7293,1654676526885,881adde5-5f36-4952-915d-42e971ce8529,52.39823607274124,9.729292824685642,4.040541118531127
52.3982,9.7291,1654676529008,881adde5-5f36-4952-915d-42e971ce8529,52.39823750000001,9.729100000000003,4.169809749389963
52.3981,9.729,1654676529009,881adde5-5f36-4952-915d-42e971ce8529,52.3980996651178,9.72904731254468,3.2102760088612112
52.3981,9.7288,1654676530898,881adde5-5f36-4952-915d-42e971ce8529,52.39812424174785,9.728821024756444,3.0497384151592666
52.3981,9.7285,1654676532896,881adde5-5f36-4952-915d-42e971ce8529,52.39806703808402,9.728470963860373,4.161099343521257
52.3981,9.7283,1654676534904,881adde5-5f36-4952-915d-42e971ce8529,52.39804375,9.728356250000003,7.327124301257936
52.3981,9.7281,1654676535884,881adde5-5f36-4952-915d-42e971ce8529,52.39812197842025,9.72813498036467,3.406664674733781
52.398,9.728,1654676536870,881adde5-5f36-4952-915d-42e971ce8529,52.39805075825215,9.728058524756444,6.900913560671923
52.398,9.7279,1654676538012,881adde5-5f36-4952-915d-42e971ce8529,52.397936318377894,9.727936329048973,7.497808448170469
52.398,9.7278,1654676538016,881adde5-5f36-4952-915d-42e971ce8529,52.398075000000006,9.727800000000002,8.339619498779927
52.398,9.7276,1654676538872,881adde5-5f36-4952-915d-42e971ce8529,52.3979363183779,9.727563670951028,7.49780844750246
52.398,9.7274,1654676539885,881adde5-5f36-4952-915d-42e971ce8529,52.398050758252154,9.727341475243561,6.900913561002086
52.398,9.7273,1654676540882,881adde5-5f36-4952-915d-42e971ce8529,52.398021978420246,9.72726501963533,3.4066684212165614
52.398,9.7271,1654676541879,881adde5-5f36-4952-915d-42e971ce8529,52.39794375000001,9.727043750000002,7.3271288054271455
52.3979,9.727,1654676542893,881adde5-5f36-4952-915d-42e971ce8529,52.39786703808403,9.727029036139628,4.161103570959108
52.3979,9.7268,1654676543865,881adde5-5f36-4952-915d-42e971ce8529,52.39792424174785,9.72677897524356,3.04974143857086
52.3979,9.7266,1654676544886,881adde5-5f36-4952-915d-42e971ce8529,52.397899665117784,9.726552687455321,3.21029055706051
52.3979,9.7266,1654676546064,881adde5-5f36-4952-915d-42e971ce8529,52.39795625000001,9.726599999999998,6.2547146244386065
52.3979,9.7265,1654676546068,881adde5-5f36-4952-915d-42e971ce8529,52.39786568939974,9.7264530499292,4.970189214723162
52.3979,9.7263,1654676546892,881adde5-5f36-4952-915d-42e971ce8529,52.39786799174786,9.726358524756444,5.332436629986096
52.3978,9.7261,1654676548897,881adde5-5f36-4952-915d-42e971ce8529,52.39781861128725,9.726042902502327,4.392087273875213
52.3978,9.726,1654676595039,881adde5-5f36-4952-915d-42e971ce8529,52.39783750000001,9.72598125,4.359552509822404
52.3978,9.7259,1654676595079,881adde5-5f36-4952-915d-42e971ce8529,52.39779237220846,9.725922452015205,1.7435429594995158
52.3978,9.7256,1654676596895,881adde5-5f36-4952-915d-42e971ce8529,52.397794508252154,9.725621024756443,1.5517061629478908
52.3978,9.7256,1654676597999,881adde5-5f36-4952-915d-42e971ce8529,52.397898327104556,9.725632599442086,11.154954974253574
52.3978,9.7254,1654676598005,881adde5-5f36-4952-915d-42e971ce8529,52.39789375000001,9.7254,10.42452437382857
52.3977,9.7252,1654676598908,881adde5-5f36-4952-915d-42e971ce8529,52.39779832710457,9.725167400557913,11.154955968829531
52.3977,9.725,1654676599889,881adde5-5f36-4952-915d-42e971ce8529,52.39769450825216,9.72497897524356,1.5517091345902538
52.3977,9.7249,1654676601028,881adde5-5f36-4952-915d-42e971ce8529,52.39769237220845,9.724877547984795,1.743545975636891
52.3977,9.7248,1654676601030,881adde5-5f36-4952-915d-42e971ce8529,52.39773750000002,9.72481875,4.3595533524427434
52.3977,9.7246,1654676601934,881adde5-5f36-4952-915d-42e971ce8529,52.39771861128726,9.724657097497676,4.3920950182132605
52.3977,9.7244,1654676602891,881adde5-5f36-4952-915d-42e971ce8529,52.39766799174786,9.724341475243559,5.332450031334729
52.3977,9.7243,1654676603947,881adde5-5f36-4952-915d-42e971ce8529,52.39766568939973,9.7243469500708,4.9701984686912555
52.3976,9.7241,1654676604879,881adde5-5f36-4952-915d-42e971ce8529,52.39763749999999,9.724099999999998,4.169809747975317
52.3976,9.7239,1654676605890,881adde5-5f36-4952-915d-42e971ce8529,52.397629371021814,9.723862500000001,4.140019069983966
52.3976,9.7237,1654676607009,881adde5-5f36-4952-915d-42e971ce8529,52.39765303300858,9.723673483495707,6.165340570544989
52.3976,9.7239,1654676607009,881adde5-5f36-4952-915d-42e971ce8529,52.39759663286697,9.7239375,2.5717280267441125
52.3976,9.7235,1654676607896,881adde5-5f36-4952-915d-42e971ce8529,52.39756249999999,9.723537499999997,4.8847642695842755
52.3976,9.7233,1654676608904,881adde5-5f36-4952-915d-42e971ce8529,52.39762533412441,9.7232625,3.795949878794374
52.3975,9.7232,1654676609886,881adde5-5f36-4952-915d-42e971ce8529,52.3974469669914,9.723173483495707,6.1653423926459645
52.3975,9.723,1654676610893,881adde5-5f36-4952-915d-42e971ce8529,52.397598661986756,9.7230375,11.261889188601458
52.3975,9.7228,1654676611893,881adde5-5f36-4952-915d-42e971ce8529,52.3975375,9.722799999999998,4.16980974868264
52.3975,9.7226,1654676613907,881adde5-5f36-4952-915d-42e971ce8529,52.397598661986756,9.7225625,11.261889188625835
52.3975,9.7224,1654676616048,881adde5-5f36-4952-915d-42e971ce8529,52.39744696699141,9.722426516504298,6.1653423920323975
52.3975,9.7226,1654676616048,881adde5-5f36-4952-915d-42e971ce8529,52.3975253341244,9.7226375,3.7959537419221587
52.3975,9.7223,1654676617037,881adde5-5f36-4952-915d-42e971ce8529,52.3974625,9.722262499999998,4.884767272466747
52.3974,9.7222,1654676617054,881adde5-5f36-4952-915d-42e971ce8529,52.397396632866986,9.722162500000003,2.5717394351559317
52.3974,9.7221,1654676618095,881adde5-5f36-4952-915d-42e971ce8529,52.39745303300858,9.722126516504293,6.165342950075313
52.3974,9.722,1654676618104,881adde5-5f36-4952-915d-42e971ce8529,52.39742937102181,9.722037499999999,4.140026156455411
52.3974,9.7218,1654676618923,881adde5-5f36-4952-915d-42e971ce8529,52.39736249999999,9.721800000000002,4.169809749389963
52.3974,9.7217,1654676619900,881adde5-5f36-4952-915d-42e971ce8529,52.397420768448704,9.721653384811402,3.9161656510212777
52.3975,9.7215,1654676620950,881adde5-5f36-4952-915d-42e971ce8529,52.39751098349571,9.721489016504293,1.4307149964213628
52.3975,9.7215,1654676623116,881adde5-5f36-4952-915d-42e971ce8529,52.397502380922596,9.721409940586359,6.116163792235116
52.3975,9.7213,1654676623119,881adde5-5f36-4952-915d-42e971ce8529,52.3975375,9.721300000000003,4.16980974868264
52.3976,9.7211,1654676624898,881adde5-5f36-4952-915d-42e971ce8529,52.39758208606883,9.721100473594948,1.992197419821779
52.3976,9.7209,1654676626891,881adde5-5f36-4952-915d-42e971ce8529,52.397664016504294,9.720964016504295,8.338811605897996
52.3975,9.7206,1654676629072,881adde5-5f36-4952-915d-42e971ce8529,52.39756976455989,9.720568917819987,8.039009959322321
52.3974,9.7206,1654676629086,881adde5-5f36-4952-915d-42e971ce8529,52.39736249999999,9.720600000000001,4.169809749389963
52.3974,9.7204,1654676631053,881adde5-5f36-4952-915d-42e971ce8529,52.397469764559894,9.720431082180012,8.039011214391042
52.3973,9.7204,1654676631060,881adde5-5f36-4952-915d-42e971ce8529,52.3973640165043,9.720335983495705,8.338826986620559
52.3972,9.7202,1654676632914,881adde5-5f36-4952-915d-42e971ce8529,52.39718208606883,9.72019952640505,1.9921974245215583
52.3972,9.7201,1654676634002,881adde5-5f36-4952-915d-42e971ce8529,52.3972375,9.720100000000002,4.169809749389963
52.3971,9.72,1654676634011,881adde5-5f36-4952-915d-42e971ce8529,52.3971023809226,9.720090059413643,6.116219128859442
52.3971,9.7199,1654676634882,881adde5-5f36-4952-915d-42e971ce8529,52.39711098349571,9.719910983495707,1.4307185149072699
52.3971,9.7199,1654676636083,881adde5-5f36-4952-915d-42e971ce8529,52.3971207684487,9.719946615188599,3.9161830161950704
52.397,9.7197,1654676636084,881adde5-5f36-4952-915d-42e971ce8529,52.39688749999999,9.7197,12.50942924816989
52.3969,9.7196,1654676636888,881adde5-5f36-4952-915d-42e971ce8529,52.396974163931176,9.7196653651886,9.363579244468978
52.3969,9.7195,1654676637894,881adde5-5f36-4952-915d-42e971ce8529,52.39696401650429,9.719500000000002,7.1183104987058154
52.3968,9.7193,1654676638914,881adde5-5f36-4952-915d-42e971ce8529,52.3968354815513,9.71937130941364,6.243032985902416
52.3968,9.7192,1654676640021,881adde5-5f36-4952-915d-42e971ce8529,52.3967625,9.7192375,4.884788294550421
52.3967,9.7192,1654676640028,881adde5-5f36-4952-915d-42e971ce8529,52.39668648544013,9.719218276405051,1.9483323944077224
52.3967,9.719,1654676640896,881adde5-5f36-4952-915d-42e971ce8529,52.3967109834957,9.718999999999998,1.221308998659465
52.3967,9.719,1654676642016,881adde5-5f36-4952-915d-42e971ce8529,52.39675386907742,9.719012332180013,6.048127875107068
52.3966,9.7189,1654676642019,881adde5-5f36-4952-915d-42e971ce8529,52.3966375,9.718900000000001,4.16980974868264
52.3966,9.7188,1654676642894,881adde5-5f36-4952-915d-42e971ce8529,52.39665386907741,9.718787667819988,6.048128136714702
52.3965,9.7187,1654676643893,881adde5-5f36-4952-915d-42e971ce8529,52.39651098349571,9.7187,1.221308999366788
52.3964,9.7184,1654676645897,881adde5-5f36-4952-915d-42e971ce8529,52.39638648544011,9.718381723594947,1.9483377612945922
52.3964,9.7183,1654676648057,881adde5-5f36-4952-915d-42e971ce8529,52.3963625,9.7182625,4.884800307687525
52.3963,9.7182,1654676648064,881adde5-5f36-4952-915d-42e971ce8529,52.396335481551304,9.718128690586358,6.24307547233446
52.3962,9.718,1654676649894,881adde5-5f36-4952-915d-42e971ce8529,52.39626401650428,9.718,7.118310497291169
52.3962,9.7179,1654676696884,881adde5-5f36-4952-915d-42e971ce8529,52.396274163931174,9.717834634811402,9.363612565448582
52.3962,9.7179,1654676698992,881adde5-5f36-4952-915d-42e971ce8529,52.39614375,9.7179,6.254714623731283
52.3961,9.7178,1654676698994,881adde5-5f36-4952-915d-42e971ce8529,52.396174782712784,9.71774147524356,9.214954619498776
52.3961,9.7176,1654676700886,881adde5-5f36-4952-915d-42e971ce8529,52.396115533008576,9.717581249999997,2.145157704811774
52.3961,9.7176,1654676703053,881adde5-5f36-4952-915d-42e971ce8529,52.396160709509566,9.717578975243557,6.899674263362972
52.396,9.7175,1654676703060,881adde5-5f36-4952-915d-42e971ce8529,52.395981250000006,9.7175,2.08490487434132
52.396,9.7174,1654676705176,881adde5-5f36-4952-915d-42e971ce8529,52.396003306994714,9.71742102475644,1.4731861610201713
52.3959,9.7175,1654676705203,881adde5-5f36-4952-915d-42e971ce8529,52.3958094669914,9.717518749999998,10.146882158729348
52.3957,9.7176,1654676706919,881adde5-5f36-4952-915d-42e971ce8529,52.395636200782896,9.71765852475644,8.129934298377833
52.3956,9.7176,1654676707890,881adde5-5f36-4952-915d-42e971ce8529,52.39569375,9.717599999999997,10.424524372413924
52.3956,9.7176,1654676709142,881adde5-5f36-4952-915d-42e971ce8529,52.39553620078291,9.717541475243557,8.129938692967238
52.3955,9.7177,1654676709148,881adde5-5f36-4952-915d-42e971ce8529,52.3954094669914,9.71768125,10.146883603852892
52.3954,9.7177,1654676710141,881adde5-5f36-4952-915d-42e971ce8529,52.395403306994716,9.717678975243556,1.4732049430152807
52.3953,9.7177,1654676710146,881adde5-5f36-4952-915d-42e971ce8529,52.39528125,9.717700000000002,2.084904875048643
52.3952,9.7178,1654676711029,881adde5-5f36-4952-915d-42e971ce8529,52.39526070950957,9.717821024756443,6.899680277972999
52.3952,9.7178,1654676711056,881adde5-5f36-4952-915d-42e971ce8529,52.39521553300859,9.717818750000001,2.145173092114933
52.3951,9.7178,1654676711900,881adde5-5f36-4952-915d-42e971ce8529,52.39517478271278,9.717858524756442,9.214993395221429
52.395,9.7179,1654676713023,881adde5-5f36-4952-915d-42e971ce8529,52.394943749999996,9.717899999999998,6.2547146244386065
52.3949,9.7179,1654676713058,881adde5-5f36-4952-915d-42e971ce8529,52.39492219570747,9.717897027887478,2.476275518518471
52.3948,9.7179,1654676713898,881adde5-5f36-4952-915d-42e971ce8529,52.39487727475644,9.717913258252146,8.639525684085747
52.3947,9.718,1654676714906,881adde5-5f36-4952-915d-42e971ce8529,52.39471395560823,9.718041820796826,3.2342628589070235
52.3945,9.718,1654676715900,881adde5-5f36-4952-915d-42e971ce8529,52.394499999999994,9.718056249999997,3.8167595596826485
52.3944,9.7181,1654676717084,881adde5-5f36-4952-915d-42e971ce8529,52.39440801138319,9.718141820796825,2.9742352429973917
52.3945,9.7181,1654676717084,881adde5-5f36-4952-915d-42e971ce8529,52.39449772524355,9.718113258252144,0.9345017210912501
52.3944,9.7181,1654676718008,881adde5-5f36-4952-915d-42e971ce8529,52.394505837301125,9.71809702788748,11.770298722962448
52.3943,9.7181,1654676718011,881adde5-5f36-4952-915d-42e971ce8529,52.394206249999996,9.718099999999998,10.42452437382857
52.3942,9.7182,1654676718892,881adde5-5f36-4952-915d-42e971ce8529,52.394305837301125,9.718202972112518,11.770298738619458
52.3941,9.7183,1654676719898,881adde5-5f36-4952-915d-42e971ce8529,52.394097725243554,9.71828674174785,0.9345095708289196
52.3939,9.7183,1654676720899,881adde5-5f36-4952-915d-42e971ce8529,52.393908011383196,9.718258179203174,2.9742659166099052
52.3938,9.7184,1654676721891,881adde5-5f36-4952-915d-42e971ce8529,52.393799999999985,9.718343749999999,3.816820098656681
52.3937,9.7185,1654676722895,881adde5-5f36-4952-915d-42e971ce8529,52.393713955608234,9.718458179203173,3.2343192738161934
52.3936,9.7185,1654676724013,881adde5-5f36-4952-915d-42e971ce8529,52.39367727475644,9.718486741747851,8.639528230536216
52.3937,9.7185,1654676724013,881adde5-5f36-4952-915d-42e971ce8529,52.39372219570748,9.718502972112523,2.476275965804175
52.3935,9.7186,1654676725128,881adde5-5f36-4952-915d-42e971ce8529,52.3936125,9.718600000000002,12.509429247462567
52.3935,9.7186,1654676725128,881adde5-5f36-4952-915d-42e971ce8529,52.39345770560824,9.718592824685645,4.728057416412827
52.3934,9.7187,1654676726021,881adde5-5f36-4952-915d-42e971ce8529,52.39342102475645,9.718724241747854,2.8585509666934703
52.3935,9.7186,1654676726021,881adde5-5f36-4952-915d-42e971ce8529,52.39354958730112,9.718582677258764,5.637752924625702
52.3933,9.7188,1654676726889,881adde5-5f36-4952-915d-42e971ce8529,52.39335625,9.718856250000002,7.3273380026789185
52.3932,9.7189,1654676727893,881adde5-5f36-4952-915d-42e971ce8529,52.39316594570748,9.718882677258765,3.9649081325293487
52.393,9.7189,1654676728894,881adde5-5f36-4952-915d-42e971ce8529,52.39294147524357,9.718849241747856,7.362907528230539
52.3929,9.719,1654676729899,881adde5-5f36-4952-915d-42e971ce8529,52.39285176138319,9.718992824685644,5.385941900664314
52.3928,9.7191,1654676732112,881adde5-5f36-4952-915d-42e971ce8529,52.39280000000001,9.719100000000001,7.155071838163346e-10
52.3928,9.7192,1654676732123,881adde5-5f36-4952-915d-42e971ce8529,52.392751761383195,9.719207175314358,5.385942001105641
52.3927,9.7192,1654676732923,881adde5-5f36-4952-915d-42e971ce8529,52.392641475243565,9.719250758252148,7.362918479945022
52.3926,9.7193,1654676733898,881adde5-5f36-4952-915d-42e971ce8529,52.392565945707474,9.719317322741235,3.9649128713560144
52.3925,9.7194,1654676734886,881adde5-5f36-4952-915d-42e971ce8529,52.39255625,9.719343750000004,7.327374042760648
52.3924,9.7195,1654676735882,881adde5-5f36-4952-915d-42e971ce8529,52.39244958730113,9.719517322741236,5.6377590335257475
52.3923,9.7195,1654676737057,881adde5-5f36-4952-915d-42e971ce8529,52.39232102475645,9.71947575825215,2.8585745580505555
52.3923,9.7196,1654676737062,881adde5-5f36-4952-915d-42e971ce8529,52.39225770560824,9.719607175314357,4.728058780370515
52.3922,9.7197,1654676738908,881adde5-5f36-4952-915d-42e971ce8529,52.392275000000005,9.7197,8.339619498779927
52.3921,9.7198,1654676739900,881adde5-5f36-4952-915d-42e971ce8529,52.392157794853766,9.719814350628711,6.499854167115857
52.392,9.7199,1654676741904,881adde5-5f36-4952-915d-42e971ce8529,52.391962500000005,9.719889016504293,4.235894489298791
52.3919,9.7199,1654676743904,881adde5-5f36-4952-915d-42e971ce8529,52.39198649611118,9.719934645482471,9.901087606840594
52.3918,9.72,1654676819030,881adde5-5f36-4952-915d-42e971ce8529,52.3918,9.719962500000001,2.5446620420239103
52.3918,9.72,1654676819030,881adde5-5f36-4952-915d-42e971ce8529,52.39178850388882,9.72003464548247,2.6760221244456934
52.3917,9.7201,1654676820893,881adde5-5f36-4952-915d-42e971ce8529,52.391662499999995,9.720164016504295,6.021448021627283
52.3916,9.7202,1654676822887,881adde5-5f36-4952-915d-42e971ce8529,52.39161720514624,9.720214350628712,2.1467048798739445
52.3915,9.7203,1654676824900,881adde5-5f36-4952-915d-42e971ce8529,52.391574999999996,9.720300000000002,8.339619498072604
52.3914,9.7203,1654676827149,881adde5-5f36-4952-915d-42e971ce8529,52.39141720514625,9.720285649371286,2.1467068822476016
52.3914,9.7205,1654676827160,881adde5-5f36-4952-915d-42e971ce8529,52.3913625,9.720435983495705,6.021469322304995
52.3914,9.7207,1654676827931,881adde5-5f36-4952-915d-42e971ce8529,52.39138850388881,9.720665354517532,2.6760408428124705
52.3915,9.7211,1654676829894,881adde5-5f36-4952-915d-42e971ce8529,52.39149999999999,9.721137500000001,2.5446793383077093
52.3915,9.7212,1654676831070,881adde5-5f36-4952-915d-42e971ce8529,52.39158649611119,9.72116535451753,9.901092665850411
52.3915,9.7213,1654676831072,881adde5-5f36-4952-915d-42e971ce8529,52.3914625,9.721310983495705,4.235895974189118
52.3916,9.7215,1654676831889,881adde5-5f36-4952-915d-42e971ce8529,52.39165779485375,9.721485649371285,6.499855818491907
52.3916,9.7215,1654676833032,881adde5-5f36-4952-915d-42e971ce8529,52.3916375,9.721500000000002,4.169809750097286
52.3916,9.7217,1654676833034,881adde5-5f36-4952-915d-42e971ce8529,52.39160549174785,9.721732883341502,2.313445223119295
52.3917,9.7219,1654676834103,881adde5-5f36-4952-915d-42e971ce8529,52.391681250000005,9.721854733495709,3.71242316925918
52.3917,9.722,1654676834104,881adde5-5f36-4952-915d-42e971ce8529,52.39173200825215,9.722030185972894,4.106499359232235
52.3917,9.7221,1654676834899,881adde5-5f36-4952-915d-42e971ce8529,52.391625000000005,9.722062500000002,8.719208600838247
52.3918,9.7223,1654676835899,881adde5-5f36-4952-915d-42e971ce8529,52.391832008252145,9.72228170247719,3.7695122395251848
52.3918,9.7225,1654676836905,881adde5-5f36-4952-915d-42e971ce8529,52.39178125,9.722492233495709,2.1504825332851882
52.3919,9.7226,1654676840105,881adde5-5f36-4952-915d-42e971ce8529,52.39190549174785,9.7227343998458,9.140458137943726
52.3918,9.7227,1654676840124,881adde5-5f36-4952-915d-42e971ce8529,52.39183750000001,9.722700000000003,4.169809750097286
52.3918,9.7228,1654676840888,881adde5-5f36-4952-915d-42e971ce8529,52.39180549174786,9.722665600154198,9.140478755131664
52.3917,9.723,1654676841909,881adde5-5f36-4952-915d-42e971ce8529,52.391681250000005,9.723007766504297,2.150482825331112
52.3916,9.7231,1654676842902,881adde5-5f36-4952-915d-42e971ce8529,52.391632008252145,9.723118297522813,3.769514094116318
52.3915,9.7233,1654676843882,881adde5-5f36-4952-915d-42e971ce8529,52.391425,9.723337500000001,8.719211966830487
52.3914,9.7234,1654676844905,881adde5-5f36-4952-915d-42e971ce8529,52.391432008252146,9.723369814027105,4.106506303999722
52.3914,9.7236,1654676845901,881adde5-5f36-4952-915d-42e971ce8529,52.39138125,9.723645266504297,3.71244044458456
52.3912,9.7237,1654676846899,881adde5-5f36-4952-915d-42e971ce8529,52.391205491747854,9.723667116658495,2.3134647283918026
52.3911,9.7238,1654676847870,881adde5-5f36-4952-915d-42e971ce8529,52.39091249999999,9.723799999999999,20.849048746949816
52.3911,9.7238,1654676849093,881adde5-5f36-4952-915d-42e971ce8529,52.39105318864195,9.723826516504294,5.507423620197488
52.391,9.7239,1654676849100,881adde5-5f36-4952-915d-42e971ce8529,52.390999999999984,9.7238625,2.54470816511249
52.3909,9.724,1654676850030,881adde5-5f36-4952-915d-42e971ce8529,52.390877520393104,9.724026516504296,3.079915175205202
52.391,9.724,1654676850030,881adde5-5f36-4952-915d-42e971ce8529,52.39096249999999,9.723999999999997,4.169809750097286
52.3908,9.7242,1654676851088,881adde5-5f36-4952-915d-42e971ce8529,52.39087551261547,9.724173483495708,8.587258972019672
52.3908,9.7242,1654676851089,881adde5-5f36-4952-915d-42e971ce8529,52.3908,9.724237499999997,2.54471969556431
52.3907,9.7243,1654676851882,881adde5-5f36-4952-915d-42e971ce8529,52.39069377834945,9.724273483495706,1.927802800521379
52.3906,9.7244,1654676853019,881adde5-5f36-4952-915d-42e971ce8529,52.390562499999994,9.724399999999997,4.169809749389963
52.3906,9.7244,1654676853020,881adde5-5f36-4952-915d-42e971ce8529,52.390593778349455,9.724426516504293,1.9278066054142717
52.3905,9.7245,1654676853904,881adde5-5f36-4952-915d-42e971ce8529,52.390499999999996,9.724462499999998,2.5447369917234783
52.3904,9.7245,1654676854894,881adde5-5f36-4952-915d-42e971ce8529,52.39047551261547,9.724526516504294,8.587262388332721
52.3903,9.7246,1654676855896,881adde5-5f36-4952-915d-42e971ce8529,52.3902625,9.724599999999999,4.169809750097286
52.3902,9.7247,1654676857018,881adde5-5f36-4952-915d-42e971ce8529,52.3901775203931,9.724673483495707,3.079931847344956
52.3902,9.7247,1654676857030,881adde5-5f36-4952-915d-42e971ce8529,52.39019999999999,9.7247375,2.544754287381219
52.3901,9.7248,1654676857910,881adde5-5f36-4952-915d-42e971ce8529,52.390053188641936,9.724773483495708,5.507436940966839
52.3899,9.7249,1654676859902,881adde5-5f36-4952-915d-42e971ce8529,52.38997500000001,9.724900000000003,8.339619499487249
52.3898,9.725,1654676861893,881adde5-5f36-4952-915d-42e971ce8529,52.38980092607213,9.724995344320972,0.33229569246663315
52.3897,9.7251,1654676864888,881adde5-5f36-4952-915d-42e971ce8529,52.38974526650429,9.725118749999998,5.191738706157074
52.3897,9.7251,1654676868062,881adde5-5f36-4952-915d-42e971ce8529,52.38970501815291,9.725092489803446,0.755710251701781
52.3896,9.7251,1654676868071,881adde5-5f36-4952-915d-42e971ce8529,52.389562500000004,9.7251375,4.885004532373985
52.3895,9.7252,1654676871896,881adde5-5f36-4952-915d-42e971ce8529,52.3894154323342,9.725256506307737,10.1552842577308
52.3894,9.7252,1654676875890,881adde5-5f36-4952-915d-42e971ce8529,52.389392233495705,9.725181249999997,1.5377907539025981
52.3893,9.7253,1654676912887,881adde5-5f36-4952-915d-42e971ce8529,52.38937862344075,9.72528436082527,8.806710062655647
52.3893,9.7253,1654676916112,881adde5-5f36-4952-915d-42e971ce8529,52.38922500000001,9.725300000000002,8.339619496657956
52.3892,9.7253,1654676916116,881adde5-5f36-4952-915d-42e971ce8529,52.389278623440745,9.72531563917473,8.806710350986869
52.3891,9.7254,1654676917893,881adde5-5f36-4952-915d-42e971ce8529,52.3890922334957,9.725418750000001,1.5377979091990095
52.389,9.7255,1654676919905,881adde5-5f36-4952-915d-42e971ce8529,52.388915432334215,9.725443493692262,10.155300657096776
52.3888,9.7256,1654676921923,881adde5-5f36-4952-915d-42e971ce8529,52.388762500000006,9.7255625,4.885028559024566
52.3887,9.7257,1654676923896,881adde5-5f36-4952-915d-42e971ce8529,52.3887050181529,9.725707510196553,0.7557180374173607
52.3887,9.7257,1654676925094,881adde5-5f36-4952-915d-42e971ce8529,52.388745266504294,9.72568125,5.191745770937158
52.3886,9.7258,1654676925097,881adde5-5f36-4952-915d-42e971ce8529,52.38860092607213,9.725804655679024,0.3323038588760468
52.3886,9.7259,1654676925902,881adde5-5f36-4952-915d-42e971ce8529,52.38858124999999,9.7259,2.0849048757559663
52.3884,9.7261,1654676927906,881adde5-5f36-4952-915d-42e971ce8529,52.38835041269888,9.726136072741236,6.032853634403804
52.3884,9.7262,1654676929902,881adde5-5f36-4952-915d-42e971ce8529,52.38843977475643,9.726122725243558,6.860113555857552
52.3883,9.7263,1654676932068,881adde5-5f36-4952-915d-42e971ce8529,52.38834823861682,9.726274074685644,5.64505902429454
52.3883,9.7264,1654676932084,881adde5-5f36-4952-915d-42e971ce8529,52.388262499999996,9.72645625,5.653235576936308
52.3883,9.7263,1654676933053,881adde5-5f36-4952-915d-42e971ce8529,52.38834229439177,9.726311574685644,4.768068005435016
52.3884,9.7264,1654676933072,881adde5-5f36-4952-915d-42e971ce8529,52.38836022524355,9.726397725243556,4.425444396914446
52.3885,9.7265,1654676935033,881adde5-5f36-4952-915d-42e971ce8529,52.38853405429254,9.726498572741233,3.7879031004676644
52.3885,9.7265,1654676935033,881adde5-5f36-4952-915d-42e971ce8529,52.38844374999999,9.726499999999998,6.2547146244386065
52.3886,9.7267,1654676935887,881adde5-5f36-4952-915d-42e971ce8529,52.38863405429253,9.726701427258766,3.7879030941498755
52.3887,9.7268,1654676936896,881adde5-5f36-4952-915d-42e971ce8529,52.38866022524355,9.726802274756443,4.425444361016889
52.3888,9.7269,1654676938086,881adde5-5f36-4952-915d-42e971ce8529,52.388842294391786,9.726888425314357,4.76806654039502
52.3889,9.727,1654676938087,881adde5-5f36-4952-915d-42e971ce8529,52.38886249999999,9.726943750000002,5.653200541690641
52.389,9.7271,1654676938886,881adde5-5f36-4952-915d-42e971ce8529,52.389048238616816,9.727125925314356,5.64505032825893
52.3891,9.7272,1654676939895,881adde5-5f36-4952-915d-42e971ce8529,52.38913977475644,9.72727727475644,6.860049986132606
52.3892,9.7274,1654676941056,881adde5-5f36-4952-915d-42e971ce8529,52.38915041269889,9.727363927258763,6.032835630586163
52.3892,9.7274,1654676941056,881adde5-5f36-4952-915d-42e971ce8529,52.38925625,9.7274,6.254714623731283
52.3893,9.7275,1654676941920,881adde5-5f36-4952-915d-42e971ce8529,52.38930512927397,9.727521387230318,1.559413801279308
52.3894,9.7276,1654676942901,881adde5-5f36-4952-915d-42e971ce8529,52.3893734834957,9.727645266504297,4.257921929308638
52.3894,9.7277,1654676943868,881adde5-5f36-4952-915d-42e971ce8529,52.38934587461484,9.727672391119137,6.3033523096015385
52.3896,9.7279,1654676944885,881adde5-5f36-4952-915d-42e971ce8529,52.389581250000006,9.727937500000003,3.2897996174371174
52.3897,9.728,1654676946045,881adde5-5f36-4952-915d-42e971ce8529,52.38967457587226,9.72799890762343,2.82800575517196
52.3897,9.728,1654676946047,881adde5-5f36-4952-915d-42e971ce8529,52.38972651650428,9.728007766504295,2.995234481352285
52.3897,9.7281,1654676946885,881adde5-5f36-4952-915d-42e971ce8529,52.38977442023891,9.728147903734616,8.890768995539869
52.3898,9.7282,1654676948029,881adde5-5f36-4952-915d-42e971ce8529,52.38978125,9.728200000000001,2.084904875048643
52.3898,9.7283,1654676948033,881adde5-5f36-4952-915d-42e971ce8529,52.38987442023892,9.728252096265383,8.890766304091505
52.3899,9.7284,1654676948888,881adde5-5f36-4952-915d-42e971ce8529,52.38992651650429,9.728392233495708,2.995234062526294
52.39,9.7284,1654676950027,881adde5-5f36-4952-915d-42e971ce8529,52.389974575872266,9.728401092376563,2.828005741956879
52.39,9.7285,1654676950030,881adde5-5f36-4952-915d-42e971ce8529,52.389981250000005,9.728462500000003,3.2897817789999686
52.3901,9.7287,1654676951900,881adde5-5f36-4952-915d-42e971ce8529,52.39004587461484,9.728727608880856,6.30334347735744
52.3902,9.7288,1654676953896,881adde5-5f36-4952-915d-42e971ce8529,52.3901734834957,9.728754733495705,4.257881763124094
52.3903,9.7289,1654676955894,881adde5-5f36-4952-915d-42e971ce8529,52.39030512927397,9.728878612769677,1.5593831984378057
52.3904,9.7291,1654676958902,881adde5-5f36-4952-915d-42e971ce8529,52.3904,9.729099999999999,1.0791591318057366e-10
52.3905,9.7292,1654676960909,881adde5-5f36-4952-915d-42e971ce8529,52.390479448838505,9.729207510196556,2.3413249189188305
52.3906,9.7293,1654676963027,881adde5-5f36-4952-915d-42e971ce8529,52.39059223349572,9.729409283008588,7.466005340314822
52.3906,9.7293,1654676963028,881adde5-5f36-4952-915d-42e971ce8529,52.39061190956784,9.72928436082527,1.6970601848463445
52.3907,9.7295,1654676964887,881adde5-5f36-4952-915d-42e971ce8529,52.390662500000005,9.7294625,4.884971496295763
52.3908,9.7296,1654676966882,881adde5-5f36-4952-915d-42e971ce8529,52.390889606936454,9.729595344320973,9.968844178348277
52.3909,9.7298,1654676968898,881adde5-5f36-4952-915d-42e971ce8529,52.390945266504296,9.72979678300859,5.038137341190001
52.391,9.7299,1654676970904,881adde5-5f36-4952-915d-42e971ce8529,52.39106903465719,9.72984349369226,8.58071441085087
52.391,9.73,1654676974003,881adde5-5f36-4952-915d-42e971ce8529,52.391000000000005,9.73,7.073230889886872e-10
52.391,9.73,1654676974003,881adde5-5f36-4952-915d-42e971ce8529,52.39106903465719,9.73005650630774,8.580714410754425
52.3911,9.7302,1654676980903,881adde5-5f36-4952-915d-42e971ce8529,52.3911452665043,9.730203216991411,5.038137299045219
52.3911,9.7303,1654676982906,881adde5-5f36-4952-915d-42e971ce8529,52.39118960693645,9.730304655679026,9.968844109585556
52.3912,9.7305,1654676985892,881adde5-5f36-4952-915d-42e971ce8529,52.39116250000001,9.7305375,4.884956478533143
52.3912,9.7306,1654676988048,881adde5-5f36-4952-915d-42e971ce8529,52.39121190956784,9.73061563917473,1.6970511637282517
52.3912,9.7307,1654676988061,881adde5-5f36-4952-915d-42e971ce8529,52.39119223349571,9.730590716991413,7.465905208670405
52.3913,9.7309,1654676988888,881adde5-5f36-4952-915d-42e971ce8529,52.3912794488385,9.730892489803443,2.3413229083129377
52.3913,9.731,1654676989889,881adde5-5f36-4952-915d-42e971ce8529,52.39124375000001,9.730999999999998,6.25471462302396
52.3914,9.7312,1654676990888,881adde5-5f36-4952-915d-42e971ce8529,52.39145947842025,9.731226544095975,6.854593870147252
52.3914,9.7314,1654676991889,881adde5-5f36-4952-915d-42e971ce8529,52.39141647524355,9.731421024756443,2.321976017721075
52.3914,9.7316,1654676992893,881adde5-5f36-4952-915d-42e971ce8529,52.391437165117786,9.73157334478296,4.511078249031066
52.3915,9.7318,1654676993909,881adde5-5f36-4952-915d-42e971ce8529,52.39150000000001,9.731818749999999,1.272339669045952
52.3915,9.7319,1654676994902,881adde5-5f36-4952-915d-42e971ce8529,52.39147381837791,9.73195289429584,4.621535415330121
52.3915,9.7321,1654676996890,881adde5-5f36-4952-915d-42e971ce8529,52.391596024756446,9.732158524756446,11.392106792488946
52.3916,9.7322,1654677000011,881adde5-5f36-4952-915d-42e971ce8529,52.391604538084025,9.732306093608862,7.21695862525993
52.3916,9.7323,1654677000013,881adde5-5f36-4952-915d-42e971ce8529,52.39158125000001,9.732299999999999,2.084904872926674
52.3917,9.7325,1654677001917,881adde5-5f36-4952-915d-42e971ce8529,52.391704538084035,9.732393906391142,7.21694235373159
52.3918,9.7326,1654677002894,881adde5-5f36-4952-915d-42e971ce8529,52.39189602475644,9.732541475243558,11.392097381611483
52.3919,9.7327,1654677003885,881adde5-5f36-4952-915d-42e971ce8529,52.391873818377896,9.732647105704162,4.621510152656093
52.3919,9.7328,1654677004888,881adde5-5f36-4952-915d-42e971ce8529,52.39190000000001,9.732781249999999,1.272328138254277
52.3921,9.733,1654677006872,881adde5-5f36-4952-915d-42e971ce8529,52.39213716511781,9.733026655217046,4.5110667489265
52.3921,9.7331,1654677008884,881adde5-5f36-4952-915d-42e971ce8529,52.39211647524356,9.733078975243561,2.3219621153868792
52.3922,9.7332,1654677013898,881adde5-5f36-4952-915d-42e971ce8529,52.39225947842026,9.733173455904026,6.854585291021866
52.3922,9.7332,1654677017039,881adde5-5f36-4952-915d-42e971ce8529,52.39214375,9.7332,6.254714623731283
52.3921,9.7334,1654677017045,881adde5-5f36-4952-915d-42e971ce8529,52.39205411471409,9.733460905679022,6.566075054649868
52.392,9.7335,1654677018892,881adde5-5f36-4952-915d-42e971ce8529,52.391989016504304,9.73342821699141,5.021781218701354
52.392,9.7337,1654677020904,881adde5-5f36-4952-915d-42e971ce8529,52.391982538546024,9.733651260196554,3.835166383013033
52.3919,9.7338,1654677022896,881adde5-5f36-4952-915d-42e971ce8529,52.39188125,9.733837500000002,3.28969704562382
52.3919,9.7339,1654677024878,881adde5-5f36-4952-915d-42e971ce8529,52.39189094494969,9.73389974369226,1.0070258588253234
52.3918,9.734,1654677026895,881adde5-5f36-4952-915d-42e971ce8529,52.391735983495714,9.73396571699141,7.488813272313411
52.3917,9.7341,1654677028891,881adde5-5f36-4952-915d-42e971ce8529,52.39177240179021,9.73405938917473,8.50929898382515
52.3917,9.7342,1654677032894,881adde5-5f36-4952-915d-42e971ce8529,52.39164375,9.734199999999998,6.254714623731283
52.3916,9.7344,1654677071902,881adde5-5f36-4952-915d-42e971ce8529,52.39167240179021,9.734440610825269,8.509301006489153
52.3915,9.7345,1654677074878,881adde5-5f36-4952-915d-42e971ce8529,52.39143598349572,9.734534283008589,7.48881818299886
52.3915,9.7346,1654677077100,881adde5-5f36-4952-915d-42e971ce8529,52.39149094494969,9.734600256307738,1.007025861545788
52.3915,9.7346,1654677077134,881adde5-5f36-4952-915d-42e971ce8529,52.39148125,9.734562500000001,3.2897148847708837
52.3912,9.7345,1654677078918,881adde5-5f36-4952-915d-42e971ce8529,52.39118253854601,9.734548739803445,3.835218080656687
52.3912,9.7345,1654677080102,881adde5-5f36-4952-915d-42e971ce8529,52.39118901650429,9.734571783008587,5.021866857440187
52.3911,9.7345,1654677080111,881adde5-5f36-4952-915d-42e971ce8529,52.39105411471409,9.734439094320974,6.566133994770446
52.391,9.7345,1654677080906,881adde5-5f36-4952-915d-42e971ce8529,52.391000000000005,9.7345,7.073230889886872e-10
52.3909,9.7345,1654677081922,881adde5-5f36-4952-915d-42e971ce8529,52.39092760888086,9.734502637230323,3.075179176768762
52.3907,9.7345,1654677082977,881adde5-5f36-4952-915d-42e971ce8529,52.39068125000001,9.734443750000002,4.34936740053456
52.3906,9.7345,1654677083911,881adde5-5f36-4952-915d-42e971ce8529,52.39055209626538,9.734491141119141,5.3604679890461995
52.3905,9.7344,1654677084891,881adde5-5f36-4952-915d-42e971ce8529,52.39046250000001,9.734475000000003,6.579519797687254
52.3904,9.7344,1654677085911,881adde5-5f36-4952-915d-42e971ce8529,52.390421387230326,9.734380157623434,2.7328859352388233
52.3902,9.7344,1654677086891,881adde5-5f36-4952-915d-42e971ce8529,52.390181250000005,9.73445625,4.349405348274544
52.3901,9.7344,1654677087900,881adde5-5f36-4952-915d-42e971ce8529,52.39009890762343,9.734466653734618,4.524771026214662
52.39,9.7344,1654677088907,881adde5-5f36-4952-915d-42e971ce8529,52.38985000000001,9.7344,16.67923899614521
52.3899,9.7344,1654677089894,881adde5-5f36-4952-915d-42e971ce8529,52.38989890762343,9.734333346265386,4.524791513334051
52.3898,9.7344,1654677090886,881adde5-5f36-4952-915d-42e971ce8529,52.389781250000006,9.734343750000003,4.349435706964271
52.3896,9.7344,1654677091895,881adde5-5f36-4952-915d-42e971ce8529,52.38962138723032,9.73441984237657,2.732897959017076
52.3896,9.7344,1654677093019,881adde5-5f36-4952-915d-42e971ce8529,52.38956250000001,9.734325000000002,6.579600071086013
52.3895,9.7343,1654677093020,881adde5-5f36-4952-915d-42e971ce8529,52.38945209626538,9.734308858880858,5.360469669914389
52.3894,9.7343,1654677093914,881adde5-5f36-4952-915d-42e971ce8529,52.38938125000001,9.73435625,4.3494660653095885
52.3893,9.7343,1654677096069,881adde5-5f36-4952-915d-42e971ce8529,52.389327608880855,9.734297362769677,3.0751795542972142
52.3893,9.7343,1654677096085,881adde5-5f36-4952-915d-42e971ce8529,52.3893,9.734300000000001,1.0791860256333005e-10
52.3892,9.7343,1654677097914,881adde5-5f36-4952-915d-42e971ce8529,52.38917633801325,9.734273483495706,3.187583001412096
52.3891,9.7343,1654677135043,881adde5-5f36-4952-915d-42e971ce8529,52.38912651650429,9.73420946699141,6.814623562395839
52.3892,9.7343,1654677135043,881adde5-5f36-4952-915d-42e971ce8529,52.38924966587558,9.734273483495706,5.808361906305569
52.3889,9.7342,1654677136895,881adde5-5f36-4952-915d-42e971ce8529,52.3888625,9.734200000000001,4.16980974868264
52.3887,9.7342,1654677137909,881adde5-5f36-4952-915d-42e971ce8529,52.388778367133014,9.734226516504295,8.89788618973923
52.3886,9.7342,1654677138881,881adde5-5f36-4952-915d-42e971ce8529,52.388573483495705,9.734184466991412,3.1312625436005828
52.3885,9.7342,1654677140050,881adde5-5f36-4952-915d-42e971ce8529,52.38854562897818,9.734226516504295,5.383370261009557
52.3885,9.7342,1654677140056,881adde5-5f36-4952-915d-42e971ce8529,52.388574999999996,9.734200000000001,8.339619498072604
52.3884,9.7341,1654677140892,881adde5-5f36-4952-915d-42e971ce8529,52.38844562897818,9.734073483495706,5.3833716236015645
52.3882,9.7341,1654677141885,881adde5-5f36-4952-915d-42e971ce8529,52.388173483495706,9.73411553300859,3.1312657592760034
52.3881,9.7341,1654677142907,881adde5-5f36-4952-915d-42e971ce8529,52.38817836713301,9.734073483495706,8.897891135611559
52.388,9.7341,1654677144070,881adde5-5f36-4952-915d-42e971ce8529,52.3879625,9.734100000000002,4.16980974868264
52.3881,9.7341,1654677144070,881adde5-5f36-4952-915d-42e971ce8529,52.38814966587559,9.734126516504295,5.808375798852506
52.3879,9.7341,1654677144877,881adde5-5f36-4952-915d-42e971ce8529,52.387926516504294,9.73419053300859,6.814774139687451
52.3878,9.7341,1654677146021,881adde5-5f36-4952-915d-42e971ce8529,52.38777633801324,9.734126516504295,3.187615220712517
52.3878,9.7341,1654677146021,881adde5-5f36-4952-915d-42e971ce8529,52.38768749999999,9.734100000000002,12.509429248877213
52.3877,9.734,1654677146896,881adde5-5f36-4952-915d-42e971ce8529,52.38770204604038,9.73394693939973,3.608082250249448
52.3876,9.734,1654677148893,881adde5-5f36-4952-915d-42e971ce8529,52.387613258252145,9.733967991747852,2.62524588513785
52.3875,9.734,1654677152088,881adde5-5f36-4952-915d-42e971ce8529,52.38753680264393,9.734000138712748,4.092278118650047
52.3874,9.734,1654677152089,881adde5-5f36-4952-915d-42e971ce8529,52.38734375,9.73401875,6.382836836650171
52.3873,9.734,1654677153901,881adde5-5f36-4952-915d-42e971ce8529,52.38734274686897,9.733973622208454,5.079149566832981
52.3872,9.734,1654677155899,881adde5-5f36-4952-915d-42e971ce8529,52.387186741747854,9.734005491747851,1.5206302945906451
52.3872,9.734,1654677157002,881adde5-5f36-4952-915d-42e971ce8529,52.38711840444673,9.733920422895435,10.558634381227993
52.387,9.7339,1654677157010,881adde5-5f36-4952-915d-42e971ce8529,52.386925,9.733900000000002,8.339619498072604
52.3869,9.7339,1654677157897,881adde5-5f36-4952-915d-42e971ce8529,52.38681840444672,9.733979577104565,10.558653153632136
52.3868,9.7339,1654677158910,881adde5-5f36-4952-915d-42e971ce8529,52.386786741747855,9.733894508252147,1.5206311223189475
52.3867,9.7339,1654677160087,881adde5-5f36-4952-915d-42e971ce8529,52.38674274686897,9.733926377791544,5.079158142832406
52.3866,9.7339,1654677160092,881adde5-5f36-4952-915d-42e971ce8529,52.38654375,9.73388125,6.382841433869579
52.3865,9.7339,1654677160895,881adde5-5f36-4952-915d-42e971ce8529,52.38653680264392,9.73389986128725,4.0922781184335255
52.3864,9.7338,1654677161903,881adde5-5f36-4952-915d-42e971ce8529,52.38641325825215,9.733832008252147,2.6252947443887695
52.3862,9.7338,1654677162898,881adde5-5f36-4952-915d-42e971ce8529,52.38620204604039,9.73385306060027,3.608204365144303
52.3861,9.7338,1654677163903,881adde5-5f36-4952-915d-42e971ce8529,52.3861,9.733800000000002,1.0792642599608178e-10
52.3859,9.7337,1654677164912,881adde5-5f36-4952-915d-42e971ce8529,52.38584744058635,9.733732264559887,6.241078415950762
52.3858,9.7337,1654677165895,881adde5-5f36-4952-915d-42e971ce8529,52.3857625,9.733689016504295,4.235912911951242
52.3857,9.7337,1654677166887,881adde5-5f36-4952-915d-42e971ce8529,52.38570641781998,9.733755413931174,3.8278876035592697
52.3857,9.7337,1654677168027,881adde5-5f36-4952-915d-42e971ce8529,52.385737500000005,9.733700000000002,4.169809750097286
52.3856,9.7337,1654677168031,881adde5-5f36-4952-915d-42e971ce8529,52.38568411518859,9.733664880922584,9.65208576507157
52.3855,9.7336,1654677168898,881adde5-5f36-4952-915d-42e971ce8529,52.38546249999999,9.733664016504292,6.0218882412055335
52.3853,9.7336,1654677169891,881adde5-5f36-4952-915d-42e971ce8529,52.38533702640505,9.733616731551297,4.270871165914264
52.3853,9.7336,1654677171044,881adde5-5f36-4952-915d-42e971ce8529,52.385225000000005,9.7336,8.339619498072604
52.3853,9.7336,1654677171055,881adde5-5f36-4952-915d-42e971ce8529,52.38533702640505,9.733583268448701,4.270871165914264
52.3851,9.7336,1654677172900,881adde5-5f36-4952-915d-42e971ce8529,52.385062500000004,9.733535983495704,6.021916640808349
52.385,9.7336,1654677174892,881adde5-5f36-4952-915d-42e971ce8529,52.3850841151886,9.733635119077416,9.652093764795044
52.385,9.7336,1654677180140,881adde5-5f36-4952-915d-42e971ce8529,52.385037499999996,9.733600000000003,4.16980974868264
52.3849,9.7335,1654677180153,881adde5-5f36-4952-915d-42e971ce8529,52.384906417819984,9.733444586068826,3.8279545593592976
52.3848,9.7335,1654677181913,881adde5-5f36-4952-915d-42e971ce8529,52.384762499999994,9.733510983495705,4.235915882629186
52.385,9.7336,1654677184094,881adde5-5f36-4952-915d-42e971ce8529,52.38494744058635,9.733567735440115,6.241094077588986
52.3847,9.7337,1654677184117,881adde5-5f36-4952-915d-42e971ce8529,52.38468125000001,9.733700000000002,2.084904873633997
52.3846,9.7338,1654677186087,881adde5-5f36-4952-915d-42e971ce8529,52.38458578808403,9.733736318377902,4.601840160722647
52.3846,9.7338,1654677186102,881adde5-5f36-4952-915d-42e971ce8529,52.384696024756444,9.733842991747853,11.068955878375435
52.3845,9.734,1654677187910,881adde5-5f36-4952-915d-42e971ce8529,52.384455068377896,9.733978021579738,5.214088896177384
52.3844,9.7342,1654677189918,881adde5-5f36-4952-915d-42e971ce8529,52.3844,9.73421875,1.2725443302784258
52.3843,9.7344,1654677190899,881adde5-5f36-4952-915d-42e971ce8529,52.38431841511781,9.734367038084034,3.0327462629399085
52.3843,9.7345,1654677192050,881adde5-5f36-4952-915d-42e971ce8529,52.384316475243565,9.734430491747855,5.060690672086374
52.3843,9.7346,1654677192052,881adde5-5f36-4952-915d-42e971ce8529,52.384340728420256,9.734600334882197,4.528850733436451
52.3843,9.7347,1654677192928,881adde5-5f36-4952-915d-42e971ce8529,52.38439375000001,9.7347,10.42452437382857
52.3842,9.7349,1654677193871,881adde5-5f36-4952-915d-42e971ce8529,52.38424072842026,9.7348996651178,4.528850734403208
52.3841,9.7351,1654677195906,881adde5-5f36-4952-915d-42e971ce8529,52.38411647524355,9.735169508252145,5.060710593224594
52.3841,9.7351,1654677198142,881adde5-5f36-4952-915d-42e971ce8529,52.38411841511779,9.735132961915962,3.03275373734363
52.3841,9.7352,1654677198151,881adde5-5f36-4952-915d-42e971ce8529,52.38409999999999,9.73518125,1.2725529776138105
52.384,9.7354,1654677200910,881adde5-5f36-4952-915d-42e971ce8529,52.38395506837791,9.73542197842026,5.214093727705505
52.3839,9.7356,1654677203904,881adde5-5f36-4952-915d-42e971ce8529,52.38399602475644,9.735557008252147,11.068968073567262
52.3839,9.7358,1654677239984,881adde5-5f36-4952-915d-42e971ce8529,52.38388578808403,9.735863681622094,4.601904520991203
52.3839,9.7358,1654677239990,881adde5-5f36-4952-915d-42e971ce8529,52.38391875,9.735800000000001,2.08490487434132
52.3838,9.7359,1654677241893,881adde5-5f36-4952-915d-42e971ce8529,52.38376571699141,9.735851003888818,5.058669145807094
52.3838,9.7359,1654677244018,881adde5-5f36-4952-915d-42e971ce8529,52.3837967830086,9.735899999999999,0.3577131229776098
52.3837,9.7361,1654677244029,881adde5-5f36-4952-915d-42e971ce8529,52.38377178300859,9.736079705146246,8.099882427482514
52.3836,9.7362,1654677245893,881adde5-5f36-4952-915d-42e971ce8529,52.383618750000004,9.736200000000004,2.084904875048643
52.3835,9.7363,1654677247904,881adde5-5f36-4952-915d-42e971ce8529,52.38357178300859,9.736279705146245,8.099883488592864
52.3834,9.7364,1654677249901,881adde5-5f36-4952-915d-42e971ce8529,52.38329071699141,9.7364,12.151716123777634
52.3833,9.7365,1654677272931,881adde5-5f36-4952-915d-42e971ce8529,52.38326571699142,9.736451003888815,5.058693901673372
52.3832,9.7366,1654677274883,881adde5-5f36-4952-915d-42e971ce8529,52.383218750000005,9.736600000000003,2.08490487434132
52.3831,9.7366,1654677276878,881adde5-5f36-4952-915d-42e971ce8529,52.3830657169914,9.736648996111182,5.058703805197766
52.383,9.7367,1654677278877,881adde5-5f36-4952-915d-42e971ce8529,52.38289071699142,9.7367,12.151716123070312
52.3829,9.7368,1654677280887,881adde5-5f36-4952-915d-42e971ce8529,52.38297178300859,9.736820294853757,8.099886671201066
52.3828,9.7369,1654677283036,881adde5-5f36-4952-915d-42e971ce8529,52.382818750000006,9.736900000000002,2.084904875048643
52.3828,9.7369,1654677283042,881adde5-5f36-4952-915d-42e971ce8529,52.382871783008596,9.736920294853757,8.099887202447485
52.3827,9.737,1654677284907,881adde5-5f36-4952-915d-42e971ce8529,52.38269678300858,9.736999999999998,0.357713124392256
52.3826,9.7371,1654677286893,881adde5-5f36-4952-915d-42e971ce8529,52.38256571699141,9.737148996111182,5.058728561515942
52.3825,9.7372,1654677288894,881adde5-5f36-4952-915d-42e971ce8529,52.38249999999999,9.737199999999998,7.155109820501976e-10
52.3824,9.7373,1654677291914,881adde5-5f36-4952-915d-42e971ce8529,52.38241771776171,9.737259132866996,3.4022073383393843
52.3823,9.7374,1654677349902,881adde5-5f36-4952-915d-42e971ce8529,52.3823,9.737426516504293,1.7997350527764588
52.3822,9.7375,1654677352895,881adde5-5f36-4952-915d-42e971ce8529,52.382066692530756,9.73743883801324,15.393418282178384
52.3821,9.7376,1654677435070,881adde5-5f36-4952-915d-42e971ce8529,52.382099999999994,9.7376375,2.545221249594598
52.3821,9.7376,1654677435080,881adde5-5f36-4952-915d-42e971ce8529,52.38210527446064,9.737591871021827,0.8052238172346347
52.382,9.7377,1654677436951,881adde5-5f36-4952-915d-42e971ce8529,52.38199999999999,9.737726516504294,1.7997472814574216
52.382,9.7378,1654677438899,881adde5-5f36-4952-915d-42e971ce8529,52.38196031524686,9.737812165875582,4.489335706942794
52.3819,9.7379,1654677441139,881adde5-5f36-4952-915d-42e971ce8529,52.3819,9.7379,0.0
52.382,9.7381,1654677441181,881adde5-5f36-4952-915d-42e971ce8529,52.38196031524686,9.738087834124421,4.489335706903088
52.382,9.7381,1654677443107,881adde5-5f36-4952-915d-42e971ce8529,52.38199999999999,9.738073483495704,1.799747281565358
52.382,9.7382,1654677443110,881adde5-5f36-4952-915d-42e971ce8529,52.38200527446064,9.73820812897818,0.8052246736882653
52.3821,9.7384,1654677443933,881adde5-5f36-4952-915d-42e971ce8529,52.382099999999994,9.7383625,2.5452212497025344
52.3822,9.7385,1654677444934,881adde5-5f36-4952-915d-42e971ce8529,52.382066692530756,9.738561161986766,15.393418282294816
52.3823,9.7387,1654677445910,881adde5-5f36-4952-915d-42e971ce8529,52.3823,9.738673483495704,1.7997350528843945
52.3823,9.7388,1654677446905,881adde5-5f36-4952-915d-42e971ce8529,52.38231771776171,9.738840867133007,3.4022124599897685
52.3824,9.7389,1654677447913,881adde5-5f36-4952-915d-42e971ce8529,52.382418750000014,9.738900000000001,2.0849048764632894
52.3825,9.739,1654677449038,881adde5-5f36-4952-915d-42e971ce8529,52.382582431622104,9.738971799929205,9.363680979030374
52.3825,9.739,1654677449046,881adde5-5f36-4952-915d-42e971ce8529,52.38249450825215,9.738941475243557,4.018854298871917
52.3826,9.7392,1654677449901,881adde5-5f36-4952-915d-42e971ce8529,52.382596771579735,9.739124152502322,5.1604077410269165
52.3826,9.7393,1654677450897,881adde5-5f36-4952-915d-42e971ce8529,52.38263750000001,9.73931875,4.359680389447142
52.3827,9.7394,1654677451912,881adde5-5f36-4952-915d-42e971ce8529,52.38275171191597,9.739441202015207,6.394043812261496
52.3827,9.7394,1654677453072,881adde5-5f36-4952-915d-42e971ce8529,52.382667991747866,9.739378975243557,3.834562967122189
52.3828,9.7395,1654677453074,881adde5-5f36-4952-915d-42e971ce8529,52.3828190848822,9.739513849442083,2.3210026478611896
52.3829,9.7398,1654677454880,881adde5-5f36-4952-915d-42e971ce8529,52.38288125000001,9.739800000000002,2.084904873633997
52.383,9.7399,1654677457033,881adde5-5f36-4952-915d-42e971ce8529,52.383019084882214,9.739886150557917,2.3210009246994394
52.383,9.74,1654677457034,881adde5-5f36-4952-915d-42e971ce8529,52.38296799174786,9.740021024756441,3.8345593594548952
52.3831,9.7401,1654677457910,881adde5-5f36-4952-915d-42e971ce8529,52.383151711915964,9.740058797984792,6.394032731203498
52.3831,9.7402,1654677459092,881adde5-5f36-4952-915d-42e971ce8529,52.38313750000001,9.740181250000001,4.359676183331024
52.3832,9.7403,1654677459093,881adde5-5f36-4952-915d-42e971ce8529,52.38319677157975,9.740375847497678,5.160337952204428
52.3832,9.7404,1654677459887,881adde5-5f36-4952-915d-42e971ce8529,52.38319450825216,9.740458524756441,4.018792052763989
52.3833,9.7405,1654677460908,881adde5-5f36-4952-915d-42e971ce8529,52.383382431622096,9.740528200070798,9.363673888825637
52.3833,9.7406,1654677461880,881adde5-5f36-4952-915d-42e971ce8529,52.38331875,9.7406,2.084904875048643
52.3834,9.7408,1654677463893,881adde5-5f36-4952-915d-42e971ce8529,52.38334865055791,9.740818415117802,5.844989306465346
52.3835,9.741,1654677465901,881adde5-5f36-4952-915d-42e971ce8529,52.38340397524356,9.740941475243556,11.39236074672306
52.3836,9.7411,1654677467905,881adde5-5f36-4952-915d-42e971ce8529,52.38360370201521,9.741114211915963,1.0487326658826215
52.3837,9.7412,1654677470892,881adde5-5f36-4952-915d-42e971ce8529,52.38369999999999,9.741256249999998,3.8176935212645526
52.3837,9.7413,1654677484908,881adde5-5f36-4952-915d-42e971ce8529,52.383738347497676,9.741340728420262,5.081646090475813
52.3838,9.7414,1654677488917,881adde5-5f36-4952-915d-42e971ce8529,52.383783524756446,9.741378975243558,2.3221272890389577
52.3839,9.7415,1654677491006,881adde5-5f36-4952-915d-42e971ce8529,52.3838342999292,9.741544931622094,7.916439105675278
52.3839,9.7416,1654677491010,881adde5-5f36-4952-915d-42e971ce8529,52.38395625,9.741599999999998,6.254714623731283
52.3839,9.7417,1654677493118,881adde5-5f36-4952-915d-42e971ce8529,52.3838342999292,9.741655068377904,7.916439105716854
52.384,9.7418,1654677493134,881adde5-5f36-4952-915d-42e971ce8529,52.38398352475645,9.74182102475644,2.3221233167351687
52.3841,9.742,1654677494920,881adde5-5f36-4952-915d-42e971ce8529,52.38413834749767,9.741959271579741,5.081632467187049
52.3842,9.7422,1654677496889,881adde5-5f36-4952-915d-42e971ce8529,52.38419999999999,9.742143749999999,3.8176502855175896
52.3843,9.7425,1654677498900,881adde5-5f36-4952-915d-42e971ce8529,52.38430370201521,9.742485788084036,1.0487186001772122
52.3844,9.7427,1654677500916,881adde5-5f36-4952-915d-42e971ce8529,52.38430397524356,9.742758524756441,11.392332514960149
52.3844,9.7428,1654677503107,881adde5-5f36-4952-915d-42e971ce8529,52.38434865055792,9.742781584882199,5.844983251751504
52.3844,9.7429,1654677503112,881adde5-5f36-4952-915d-42e971ce8529,52.384306249999995,9.742899999999999,10.424524373121248
52.3845,9.743,1654677503880,881adde5-5f36-4952-915d-42e971ce8529,52.384468582937785,9.7429996651178,3.4934918621823665
52.3846,9.7432,1654677506044,881adde5-5f36-4952-915d-42e971ce8529,52.38463200825214,9.74316799174785,4.1697394666877745
52.3846,9.7433,1654677506051,881adde5-5f36-4952-915d-42e971ce8529,52.384566564489084,9.743332961915966,4.339011611438097
52.3847,9.7435,1654677506934,881adde5-5f36-4952-915d-42e971ce8529,52.3846625,9.743518749999998,4.35966303584957
52.3847,9.7436,1654677507918,881adde5-5f36-4952-915d-42e971ce8529,52.38463191900661,9.743621978420261,7.71581866760825
52.3848,9.7437,1654677508888,881adde5-5f36-4952-915d-42e971ce8529,52.38480549174785,9.74370549174785,0.7154133676984145
52.3848,9.7438,1654677510043,881adde5-5f36-4952-915d-42e971ce8529,52.384782933566505,9.743863681622098,4.720244422874171
52.3848,9.7439,1654677510063,881adde5-5f36-4952-915d-42e971ce8529,52.38489374999999,9.743899999999996,10.424524372413924
52.3849,9.7441,1654677511893,881adde5-5f36-4952-915d-42e971ce8529,52.3848829335665,9.744036318377901,4.720235459702416
52.385,9.7443,1654677512907,881adde5-5f36-4952-915d-42e971ce8529,52.38500549174785,9.744294508252146,0.7154124882543854
52.385,9.7444,1654677513900,881adde5-5f36-4952-915d-42e971ce8529,52.38493191900661,9.744378021579744,7.715816707296656
52.3851,9.7444,1654677515148,881adde5-5f36-4952-915d-42e971ce8529,52.3850625,9.744381249999998,4.359659670496214
52.3851,9.7445,1654677515151,881adde5-5f36-4952-915d-42e971ce8529,52.38506656448908,9.744467038084036,4.338998549380647
52.3851,9.7447,1654677515908,881adde5-5f36-4952-915d-42e971ce8529,52.38513200825215,9.744732008252143,4.16972664989684
52.3852,9.7447,1654677518154,881adde5-5f36-4952-915d-42e971ce8529,52.38516858293779,9.7447003348822,3.4934918591305726
52.3852,9.7449,1654677518158,881adde5-5f36-4952-915d-42e971ce8529,52.38519999999999,9.7449,7.073230889886872e-10
52.3852,9.7452,1654677519907,881adde5-5f36-4952-915d-42e971ce8529,52.38518564937129,9.745159132866995,3.199838164097057
52.3852,9.7452,1654677521014,881adde5-5f36-4952-915d-42e971ce8529,52.3852109834957,9.745189016504298,1.4308231933399824
52.3852,9.7454,1654677521016,881adde5-5f36-4952-915d-42e971ce8529,52.38523464548246,9.74533883801324,5.663144257811641
52.3853,9.7456,1654677523093,881adde5-5f36-4952-915d-42e971ce8529,52.385262499999996,9.745637499999999,4.885133677161881
52.3853,9.7456,1654677523098,881adde5-5f36-4952-915d-42e971ce8529,52.385265354517536,9.745591871021828,3.8917049545870204
52.3853,9.7459,1654677524896,881adde5-5f36-4952-915d-42e971ce8529,52.3853640165043,9.745964016504296,8.339442224819544
52.3853,9.7461,1654677527058,881adde5-5f36-4952-915d-42e971ce8529,52.38531435062871,9.746112165875582,1.7966754702449932
52.3853,9.7462,1654677527063,881adde5-5f36-4952-915d-42e971ce8529,52.385225,9.7462,8.339619498779927
52.3853,9.7464,1654677528899,881adde5-5f36-4952-915d-42e971ce8529,52.38531435062871,9.74638783412442,1.7966754701457959
52.3854,9.7465,1654677531039,881adde5-5f36-4952-915d-42e971ce8529,52.385464016504294,9.746435983495708,8.339437097628256
52.3854,9.7467,1654677531043,881adde5-5f36-4952-915d-42e971ce8529,52.385365354517525,9.746708128978177,3.891704778177384
52.3854,9.747,1654677532920,881adde5-5f36-4952-915d-42e971ce8529,52.3853625,9.7469625,4.885130673128192
52.3854,9.747,1654677535074,881adde5-5f36-4952-915d-42e971ce8529,52.38543464548247,9.747061161986766,5.663130475597647
52.3854,9.7472,1654677535097,881adde5-5f36-4952-915d-42e971ce8529,52.3854109834957,9.747210983495705,1.4308214341729422
52.3854,9.7472,1654677536033,881adde5-5f36-4952-915d-42e971ce8529,52.38538564937128,9.747240867133007,3.1998272733773994
52.3854,9.7474,1654677536034,881adde5-5f36-4952-915d-42e971ce8529,52.385437499999995,9.747399999999999,4.169809749389963
52.3855,9.7476,1654677537907,881adde5-5f36-4952-915d-42e971ce8529,52.38547659432097,9.747578139174731,2.9957747269347883
52.3855,9.7477,1654677540009,881adde5-5f36-4952-915d-42e971ce8529,52.385492233495704,9.747734283008588,2.4817968984684398
52.3855,9.7479,1654677540012,881adde5-5f36-4952-915d-42e971ce8529,52.385488760196544,9.747880993692261,1.7960748161654467
52.3855,9.7482,1654677541886,881adde5-5f36-4952-915d-42e971ce8529,52.385425,9.7482375,8.719312925714016
52.3855,9.7482,1654677544055,881adde5-5f36-4952-915d-42e971ce8529,52.385537756307734,9.748170010196556,4.665657834277578
52.3855,9.7484,1654677544057,881adde5-5f36-4952-915d-42e971ce8529,52.385545266504295,9.748471783008588,7.004914101728953
52.3855,9.7487,1654677545910,881adde5-5f36-4952-915d-42e971ce8529,52.385496889174725,9.748742155679023,2.8818290068979273
52.3856,9.7489,1654677547904,881adde5-5f36-4952-915d-42e971ce8529,52.38563749999999,9.748899999999999,4.169809747975317
52.3856,9.7492,1654677549900,881adde5-5f36-4952-915d-42e971ce8529,52.38559688917473,9.749157844320976,2.8818225730250524
52.3856,9.7495,1654677552105,881adde5-5f36-4952-915d-42e971ce8529,52.38564526650429,9.74942821699141,7.0049064270771115
52.3856,9.7495,1654677552125,881adde5-5f36-4952-915d-42e971ce8529,52.38563775630772,9.749529989803444,4.665655822481729
52.3856,9.7496,1654677554063,881adde5-5f36-4952-915d-42e971ce8529,52.38552499999999,9.749562499999998,8.719311243705835
52.3856,9.7496,1654677554067,881adde5-5f36-4952-915d-42e971ce8529,52.38558876019655,9.74961900630774,1.7960727169101196
52.3857,9.7498,1654677556893,881adde5-5f36-4952-915d-42e971ce8529,52.3856922334957,9.74976571699141,2.481787016575818
52.3857,9.7499,1654677562016,881adde5-5f36-4952-915d-42e971ce8529,52.38567659432096,9.74992186082527,2.995771398889968
52.3857,9.75,1654677562029,881adde5-5f36-4952-915d-42e971ce8529,52.385774999999995,9.75,8.339619498072604
52.3857,9.7502,1654677565043,881adde5-5f36-4952-915d-42e971ce8529,52.38568783412442,9.750264016504294,4.550347937983734
52.3857,9.7502,1654677565043,881adde5-5f36-4952-915d-42e971ce8529,52.385737500000005,9.750317049512883,8.971692554019247
52.3857,9.7504,1654677566901,881adde5-5f36-4952-915d-42e971ce8529,52.38569187102183,9.750389016504297,1.1716160840327992
52.3857,9.7506,1654677568910,881adde5-5f36-4952-915d-42e971ce8529,52.3857,9.7506375,2.545013717112623
52.3858,9.7508,1654677570906,881adde5-5f36-4952-915d-42e971ce8529,52.38586116198677,9.750810983495708,6.84163139953906
52.3858,9.7509,1654677572908,881adde5-5f36-4952-915d-42e971ce8529,52.38583750000001,9.750942049512885,5.0528511779482095
52.3858,9.7511,1654677577027,881adde5-5f36-4952-915d-42e971ce8529,52.385759132867,9.751035983495706,6.286929732351277
52.3858,9.7511,1654677577030,881adde5-5f36-4952-915d-42e971ce8529,52.385875,9.751100000000001,8.33961949736528
52.3858,9.7513,1654677647904,881adde5-5f36-4952-915d-42e971ce8529,52.385759132867,9.751364016504295,6.28692973242586
52.3858,9.7515,1654677653106,881adde5-5f36-4952-915d-42e971ce8529,52.38583750000001,9.751457950487119,5.052851177826297
52.3859,9.7515,1654677653106,881adde5-5f36-4952-915d-42e971ce8529,52.385961161986764,9.751489016504294,6.841631215559226
52.3859,9.7517,1654677714905,881adde5-5f36-4952-915d-42e971ce8529,52.38590000000001,9.751662499999998,2.545002187343613
52.3859,9.7518,1654677721903,881adde5-5f36-4952-915d-42e971ce8529,52.385891871021826,9.751810983495709,1.171613935747205
52.3859,9.7518,1654677724237,881adde5-5f36-4952-915d-42e971ce8529,52.38593750000001,9.751682950487117,8.971660688711463
52.386,9.7518,1654677724256,881adde5-5f36-4952-915d-42e971ce8529,52.38598783412443,9.751735983495708,4.5503197483503115
52.3861,9.7517,1654677725891,881adde5-5f36-4952-915d-42e971ce8529,52.3861,9.7517,0.0
52.3862,9.7517,1654677728034,881adde5-5f36-4952-915d-42e971ce8529,52.38613788434943,9.75167491075447,7.113728204275641
52.3863,9.7516,1654677728035,881adde5-5f36-4952-915d-42e971ce8529,52.38636950825215,9.751575758252148,7.902123520226865
52.3864,9.7516,1654677728899,881adde5-5f36-4952-915d-42e971ce8529,52.386353976001345,9.751561908810062,5.733490461397227
52.3865,9.7515,1654677729910,881adde5-5f36-4952-915d-42e971ce8529,52.38651874999999,9.751481250000001,2.4425483950873574
52.3866,9.7514,1654677730928,881adde5-5f36-4952-915d-42e971ce8529,52.386646023998665,9.75145244181865,6.233509725541518
52.3867,9.7514,1654677732042,881adde5-5f36-4952-915d-42e971ce8529,52.386742991747866,9.751450758252147,5.892284670297852
52.3867,9.7514,1654677732045,881adde5-5f36-4952-915d-42e971ce8529,52.3867621156506,9.751390443763059,6.937326147970493
52.3869,9.7513,1654677732919,881adde5-5f36-4952-915d-42e971ce8529,52.3869375,9.7513,4.169809749389963
52.387,9.7512,1654677733898,881adde5-5f36-4952-915d-42e971ce8529,52.387062115650586,9.75120955623694,6.937325734530398
52.3871,9.7512,1654677734898,881adde5-5f36-4952-915d-42e971ce8529,52.38714299174786,9.751149241747854,5.892266421495102
52.3871,9.7512,1654677736009,881adde5-5f36-4952-915d-42e971ce8529,52.38714602399867,9.75114755818135,6.233486711201379
52.3872,9.7511,1654677736011,881adde5-5f36-4952-915d-42e971ce8529,52.38721875,9.75111875,2.442537884592208
52.3873,9.7511,1654677736895,881adde5-5f36-4952-915d-42e971ce8529,52.38725397600135,9.751138091189937,5.73346669898237
52.3874,9.751,1654677737904,881adde5-5f36-4952-915d-42e971ce8529,52.38746950825217,9.751024241747853,7.902114987513714
52.3875,9.751,1654677738913,881adde5-5f36-4952-915d-42e971ce8529,52.38743788434944,9.751025089245529,7.1137162019967
52.3876,9.7509,1654677739903,881adde5-5f36-4952-915d-42e971ce8529,52.3876,9.750900000000001,1.0792275880389515e-10
52.3877,9.7509,1654677740893,881adde5-5f36-4952-915d-42e971ce8529,52.38769127983189,9.750934527887479,2.535898623641645
52.3878,9.7508,1654677741906,881adde5-5f36-4952-915d-42e971ce8529,52.387778975243556,9.75081325825215,2.5050120366905753
52.3879,9.7508,1654677742902,881adde5-5f36-4952-915d-42e971ce8529,52.387887076630065,9.750804320796826,1.466624631167024
52.388,9.7508,1654677743899,881adde5-5f36-4952-915d-42e971ce8529,52.38801875,9.75070625,6.695105351462375
52.3881,9.7507,1654677745027,881adde5-5f36-4952-915d-42e971ce8529,52.388150423369964,9.750779320796827,7.772569968506958
52.3881,9.7507,1654677745031,881adde5-5f36-4952-915d-42e971ce8529,52.38815852475645,9.750713258252146,6.569561200307331
52.3883,9.7507,1654677746929,881adde5-5f36-4952-915d-42e971ce8529,52.38834622016812,9.750659527887477,5.827307610666092
52.3884,9.7507,1654677748152,881adde5-5f36-4952-915d-42e971ce8529,52.3884375,9.750700000000002,4.169809749389963
52.3884,9.7507,1654677748155,881adde5-5f36-4952-915d-42e971ce8529,52.38844622016811,9.75074047211252,5.827304677326487
52.3885,9.7506,1654677749914,881adde5-5f36-4952-915d-42e971ce8529,52.38855852475644,9.750586741747854,6.569560082981573
52.3886,9.7506,1654677753068,881adde5-5f36-4952-915d-42e971ce8529,52.38865042336995,9.750520679203175,7.772527740781886
52.3886,9.7505,1654677753078,881adde5-5f36-4952-915d-42e971ce8529,52.38861874999999,9.75059375,6.695023174237854
52.3887,9.7504,1654677784927,881adde5-5f36-4952-915d-42e971ce8529,52.38868707663006,9.750395679203177,1.466623569362817
52.3888,9.7503,1654677786083,881adde5-5f36-4952-915d-42e971ce8529,52.38877897524357,9.750286741747852,2.5050047149193584
52.3888,9.7503,1654677786095,881adde5-5f36-4952-915d-42e971ce8529,52.38879127983189,9.750265472112519,2.535844670574754
52.3889,9.7502,1654677786908,881adde5-5f36-4952-915d-42e971ce8529,52.38890000000001,9.7502,7.073230889886872e-10
52.389,9.7501,1654677787906,881adde5-5f36-4952-915d-42e971ce8529,52.38899652670086,9.750134901790208,2.3997857532159323
52.3891,9.75,1654677789152,881adde5-5f36-4952-915d-42e971ce8529,52.389118750000016,9.74992821699141,5.298737706272082
52.3891,9.75,1654677789152,881adde5-5f36-4952-915d-42e971ce8529,52.38905162267043,9.750046555050314,6.238450456121827
52.3892,9.7499,1654677789905,881adde5-5f36-4952-915d-42e971ce8529,52.3892,9.7498625,2.5448119397892572
52.3893,9.7498,1654677790907,881adde5-5f36-4952-915d-42e971ce8529,52.389231327816674,9.749745038546019,8.498214629409983
52.3893,9.7498,1654677792045,881adde5-5f36-4952-915d-42e971ce8529,52.389318750000015,9.749765716991414,3.124005628052925
52.3894,9.7497,1654677792047,881adde5-5f36-4952-915d-42e971ce8529,52.38944552281204,9.749783385285916,7.592301110662165
52.3895,9.7496,1654677792900,881adde5-5f36-4952-915d-42e971ce8529,52.38957500000001,9.749600000000001,8.339619499487249
52.3895,9.7496,1654677794054,881adde5-5f36-4952-915d-42e971ce8529,52.389545522812035,9.749516614714086,7.592291555986504
52.3896,9.7495,1654677794062,881adde5-5f36-4952-915d-42e971ce8529,52.38961875000002,9.749534283008586,3.123993852677196
52.3897,9.7494,1654677794892,881adde5-5f36-4952-915d-42e971ce8529,52.389631327816666,9.749454961453985,8.498199796910134
52.3898,9.7493,1654677796891,881adde5-5f36-4952-915d-42e971ce8529,52.389799999999994,9.749337500000001,2.544777348545374
52.3899,9.7492,1654677799065,881adde5-5f36-4952-915d-42e971ce8529,52.389851622670434,9.74915344494969,6.238421458310116
52.3899,9.7492,1654677799067,881adde5-5f36-4952-915d-42e971ce8529,52.38991875000001,9.74927178300859,5.298656540645302
52.39,9.7491,1654677800920,881adde5-5f36-4952-915d-42e971ce8529,52.389996526700855,9.749065098209794,2.3997327949000242
52.3901,9.749,1654677803896,881adde5-5f36-4952-915d-42e971ce8529,52.3901375,9.749000000000002,4.169809749389963
52.3901,9.749,1654677807087,881adde5-5f36-4952-915d-42e971ce8529,52.39012903613962,9.749088179677688,6.799361269267932
52.3902,9.7491,1654677807106,881adde5-5f36-4952-915d-42e971ce8529,52.39012272524355,9.749078975243558,8.710206643015333
52.3903,9.7493,1654677809921,881adde5-5f36-4952-915d-42e971ce8529,52.39026367095102,9.749332125847136,4.590324178681624
52.3904,9.7493,1654677812878,881adde5-5f36-4952-915d-42e971ce8529,52.39038124999999,9.749318749999999,2.442490113177209
52.3904,9.7493,1654677815257,881adde5-5f36-4952-915d-42e971ce8529,52.390447312544666,9.749343109342844,6.019562545117272
52.3906,9.7493,1654677815309,881adde5-5f36-4952-915d-42e971ce8529,52.39060227475644,9.749241475243558,3.979507306489358
52.3908,9.7494,1654677817912,881adde5-5f36-4952-915d-42e971ce8529,52.390834980364666,9.74942416317339,4.221123615344061
52.3909,9.7494,1654677819924,881adde5-5f36-4952-915d-42e971ce8529,52.39090000000001,9.749400000000001,7.155078844358365e-10
52.391,9.7495,1654677821939,881adde5-5f36-4952-915d-42e971ce8529,52.39103498036466,9.749475836826608,4.221120728595871
52.3912,9.7495,1654677825100,881adde5-5f36-4952-915d-42e971ce8529,52.39120227475643,9.74955852475644,3.97945342913885
52.3911,9.7495,1654677825146,881adde5-5f36-4952-915d-42e971ce8529,52.39114731254467,9.749456890657157,6.019539999235475
52.3911,9.7498,1654677827900,881adde5-5f36-4952-915d-42e971ce8529,52.39108125,9.74978125,2.442479601051834
52.3911,9.7501,1654677829896,881adde5-5f36-4952-915d-42e971ce8529,52.39106367095101,9.750067874152863,4.590305413305588
52.391,9.7503,1654677831889,881adde5-5f36-4952-915d-42e971ce8529,52.39092272524355,9.750321024756442,8.710202407309154
52.391,9.7505,1654677833904,881adde5-5f36-4952-915d-42e971ce8529,52.39102903613962,9.750411820322313,6.799253890833308
52.3909,9.7507,1654677835892,881adde5-5f36-4952-915d-42e971ce8529,52.39096000000001,9.750700000000002,6.6716955995898
52.3909,9.7509,1654677838902,881adde5-5f36-4952-915d-42e971ce8529,52.390954270509816,9.750803506775615,8.904599554565724
52.3909,9.751,1654677844907,881adde5-5f36-4952-915d-42e971ce8529,52.39089781152949,9.750971468304511,1.9513663033723623
52.3909,9.7513,1654677850017,881adde5-5f36-4952-915d-42e971ce8529,52.39092072949017,9.751399065925765,7.106709721340523
52.3909,9.7514,1654677850043,881adde5-5f36-4952-915d-42e971ce8529,52.39079718847051,9.75138236644243,11.494573702398887
52.3908,9.7515,1654677855893,881adde5-5f36-4952-915d-42e971ce8529,52.39079999999999,9.7515,7.073230889886872e-10
52.3908,9.7517,1654677857942,881adde5-5f36-4952-915d-42e971ce8529,52.39069718847051,9.751717633557568,11.494573984607987
52.3908,9.7518,1654677859924,881adde5-5f36-4952-915d-42e971ce8529,52.39082072949016,9.751700934074236,7.106724128243925
52.3909,9.752,1654677862896,881adde5-5f36-4952-915d-42e971ce8529,52.39089781152949,9.75202853169549,1.9513663034794344
52.3909,9.7522,1654677865916,881adde5-5f36-4952-915d-42e971ce8529,52.39095427050983,9.752296493224385,8.904599555445067
