watermarked_lat,watermarked_long,trip_timestamp,trip_id
52.390925,9.752099999999999,1654676108948,881adde5-5f36-4952-915d-42e971ce8529
52.39092842383194,9.751965354517532,1654676145902,881adde5-5f36-4952-915d-42e971ce8529
52.39090151650429,9.751926516504295,1654676149867,881adde5-5f36-4952-915d-42e971ce8529
52.3908898632442,9.751814350628711,1654676153903,881adde5-5f36-4952-915d-42e971ce8529
52.39073750000001,9.7515625,1654676157892,881adde5-5f36-4952-915d-42e971ce8529
52.3906631697644,9.75151435062871,1654676167911,881adde5-5f36-4952-915d-42e971ce8529
52.39064848349572,9.751326516504294,1654676172880,881adde5-5f36-4952-915d-42e971ce8529
52.390418543159484,9.75116535451753,1654676176915,881adde5-5f36-4952-915d-42e971ce8529
52.39050000000001,9.750999999999998,1654676179898,881adde5-5f36-4952-915d-42e971ce8529
52.39031854315948,9.750934645482468,1654676181898,881adde5-5f36-4952-915d-42e971ce8529
52.39044848349571,9.750673483495707,1654676183928,881adde5-5f36-4952-915d-42e971ce8529
52.3903631697644,9.750485649371287,1654676185898,881adde5-5f36-4952-915d-42e971ce8529
52.39033750000001,9.750437500000002,1654676187916,881adde5-5f36-4952-915d-42e971ce8529
52.390989863244194,9.750985649371284,1654676190310,881adde5-5f36-4952-915d-42e971ce8529
52.3912015165043,9.749973483495706,1654676190314,881adde5-5f36-4952-915d-42e971ce8529
52.39122842383193,9.749834645482467,1654676192124,881adde5-5f36-4952-915d-42e971ce8529
52.3910625,9.749800000000004,1654676192130,881adde5-5f36-4952-915d-42e971ce8529
52.39113321822371,9.749570500712116,1654676194889,881adde5-5f36-4952-915d-42e971ce8529
52.390942991747856,9.750986741747854,1654676200008,881adde5-5f36-4952-915d-42e971ce8529
52.39110277594306,9.749458345507604,1654676200015,881adde5-5f36-4952-915d-42e971ce8529
52.39118124999999,9.749481250000002,1654676203963,881adde5-5f36-4952-915d-42e971ce8529
52.39115972405693,9.74956441152478,1654676203984,881adde5-5f36-4952-915d-42e971ce8529
52.39136950825215,9.749486741747852,1654676206886,881adde5-5f36-4952-915d-42e971ce8529
52.391329281776294,9.749576566729292,1654676209902,881adde5-5f36-4952-915d-42e971ce8529
52.3915,9.749600000000001,1654676211892,881adde5-5f36-4952-915d-42e971ce8529
52.3916292817763,9.749623433270704,1654676214861,881adde5-5f36-4952-915d-42e971ce8529
52.39186950825215,9.749713258252148,1654676217891,881adde5-5f36-4952-915d-42e971ce8529
52.39185972405692,9.74963558847522,1654676220897,881adde5-5f36-4952-915d-42e971ce8529
52.39198125,9.749718750000003,1654676223891,881adde5-5f36-4952-915d-42e971ce8529
52.392102775943066,9.749841654492396,1654676226888,881adde5-5f36-4952-915d-42e971ce8529
52.39214299174785,9.749813258252146,1654676230898,881adde5-5f36-4952-915d-42e971ce8529
52.39223321822371,9.750029499287884,1654676235922,881adde5-5f36-4952-915d-42e971ce8529
52.392206249999994,9.7498,1654676238904,881adde5-5f36-4952-915d-42e971ce8529
52.392421722112516,9.749911574685644,1654676244894,881adde5-5f36-4952-915d-42e971ce8529
52.39253977475644,9.749902274756442,1654676252897,881adde5-5f36-4952-915d-42e971ce8529
52.392560570796824,9.749863927258765,1654676255111,881adde5-5f36-4952-915d-42e971ce8529
52.39249999999999,9.749756250000003,1654676255115,881adde5-5f36-4952-915d-42e971ce8529
52.39247692920317,9.749601427258762,1654676255893,881adde5-5f36-4952-915d-42e971ce8529
52.39246022524355,9.749477274756442,1654676256876,881adde5-5f36-4952-915d-42e971ce8529
52.39251577788748,9.749074074685641,1654676257902,881adde5-5f36-4952-915d-42e971ce8529
52.39244374999999,9.748900000000003,1654676258894,881adde5-5f36-4952-915d-42e971ce8529
52.39251577788747,9.748725925314357,1654676259889,881adde5-5f36-4952-915d-42e971ce8529
52.39246022524355,9.74842272524356,1654676261060,881adde5-5f36-4952-915d-42e971ce8529
52.39247692920318,9.748698572741233,1654676261060,881adde5-5f36-4952-915d-42e971ce8529
52.392599999999995,9.748343750000002,1654676261903,881adde5-5f36-4952-915d-42e971ce8529
52.39266057079682,9.748236072741234,1654676262889,881adde5-5f36-4952-915d-42e971ce8529
52.39263977475645,9.74799772524356,1654676263899,881adde5-5f36-4952-915d-42e971ce8529
52.39262172211252,9.747888425314354,1654676264882,881adde5-5f36-4952-915d-42e971ce8529
52.39258125000001,9.747600000000002,1654676266891,881adde5-5f36-4952-915d-42e971ce8529
52.39255473349571,9.747349665875577,1654676268893,881adde5-5f36-4952-915d-42e971ce8529
52.392618750000004,9.747082950487117,1654676270871,881adde5-5f36-4952-915d-42e971ce8529
52.392607766504305,9.746954371021824,1654676307893,881adde5-5f36-4952-915d-42e971ce8529
52.39265625,9.7469375,1654676311901,881adde5-5f36-4952-915d-42e971ce8529
52.392607766504284,9.746676338013236,1654676320894,881adde5-5f36-4952-915d-42e971ce8529
52.39261875000001,9.746657950487117,1654676323153,881adde5-5f36-4952-915d-42e971ce8529
52.392554733495714,9.746521632866994,1654676323156,881adde5-5f36-4952-915d-42e971ce8529
52.392781250000006,9.746500000000001,1654676324874,881adde5-5f36-4952-915d-42e971ce8529
52.392754733495714,9.746478367133003,1654676326039,881adde5-5f36-4952-915d-42e971ce8529
52.39291875,9.746442049512885,1654676326040,881adde5-5f36-4952-915d-42e971ce8529
52.393007766504304,9.746223661986763,1654676326947,881adde5-5f36-4952-915d-42e971ce8529
52.39315624999999,9.746162499999999,1654676328054,881adde5-5f36-4952-915d-42e971ce8529
52.39320776650429,9.746145628978175,1654676328058,881adde5-5f36-4952-915d-42e971ce8529
52.39321875,9.746217049512884,1654676329034,881adde5-5f36-4952-915d-42e971ce8529
52.39325473349571,9.74595033412442,1654676329046,881adde5-5f36-4952-915d-42e971ce8529
52.39334375,9.745899999999999,1654676329899,881adde5-5f36-4952-915d-42e971ce8529
52.393516034195216,9.7458559151178,1654676330898,881adde5-5f36-4952-915d-42e971ce8529
52.39349450825216,9.745758524756441,1654676331883,881adde5-5f36-4952-915d-42e971ce8529
52.39351602352415,9.745676711915964,1654676332903,881adde5-5f36-4952-915d-42e971ce8529
52.3936,9.745718749999998,1654676334114,881adde5-5f36-4952-915d-42e971ce8529
52.39371995997155,9.74567822842026,1654676334115,881adde5-5f36-4952-915d-42e971ce8529
52.39386799174786,9.745521024756442,1654676334900,881adde5-5f36-4952-915d-42e971ce8529
52.39397298230907,9.745407431622098,1654676335885,881adde5-5f36-4952-915d-42e971ce8529
52.39408125,9.7453,1654676336896,881adde5-5f36-4952-915d-42e971ce8529
52.39417298230907,9.745192568377906,1654676337907,881adde5-5f36-4952-915d-42e971ce8529
52.39426799174787,9.74507897524356,1654676338885,881adde5-5f36-4952-915d-42e971ce8529
52.39431995997156,9.745021771579742,1654676340142,881adde5-5f36-4952-915d-42e971ce8529
52.3944,9.744981249999999,1654676340148,881adde5-5f36-4952-915d-42e971ce8529
52.394416023524144,9.744923288084035,1654676340932,881adde5-5f36-4952-915d-42e971ce8529
52.39449450825216,9.744841475243557,1654676342011,881adde5-5f36-4952-915d-42e971ce8529
52.39461603419522,9.7447440848822,1654676342012,881adde5-5f36-4952-915d-42e971ce8529
52.3947375,9.744699999999998,1654676342900,881adde5-5f36-4952-915d-42e971ce8529
52.39481157468565,9.744720177258765,1654676345050,881adde5-5f36-4952-915d-42e971ce8529
52.39484147524355,9.744639774756441,1654676345051,881adde5-5f36-4952-915d-42e971ce8529
52.39503607274124,9.744369675314354,1654676345893,881adde5-5f36-4952-915d-42e971ce8529
52.395006249999994,9.744418749999998,1654676348128,881adde5-5f36-4952-915d-42e971ce8529
52.39520142725877,9.744344675314355,1654676348134,881adde5-5f36-4952-915d-42e971ce8529
52.395321024756434,9.744239774756439,1654676348894,881adde5-5f36-4952-915d-42e971ce8529
52.39542592531437,9.744145177258762,1654676350011,881adde5-5f36-4952-915d-42e971ce8529
52.395475,9.744099999999996,1654676350018,881adde5-5f36-4952-915d-42e971ce8529
52.39552592531436,9.744054822741235,1654676350894,881adde5-5f36-4952-915d-42e971ce8529
52.39562102475644,9.743860225243557,1654676351901,881adde5-5f36-4952-915d-42e971ce8529
52.395701427258764,9.743755324685642,1654676352887,881adde5-5f36-4952-915d-42e971ce8529
52.39570624999999,9.743781249999998,1654676354078,881adde5-5f36-4952-915d-42e971ce8529
52.39583607274123,9.743730324685643,1654676354098,881adde5-5f36-4952-915d-42e971ce8529
52.39584147524355,9.743560225243558,1654676354878,881adde5-5f36-4952-915d-42e971ce8529
52.39601157468566,9.743479822741232,1654676355880,881adde5-5f36-4952-915d-42e971ce8529
52.3960625,9.743399999999998,1654676356874,881adde5-5f36-4952-915d-42e971ce8529
52.39627551261549,9.743250334124417,1654676357911,881adde5-5f36-4952-915d-42e971ce8529
52.3963,9.743135983495707,1654676358894,881adde5-5f36-4952-915d-42e971ce8529
52.39635318864194,9.743245628978174,1654676360000,881adde5-5f36-4952-915d-42e971ce8529
52.39643749999999,9.743137500000001,1654676360003,881adde5-5f36-4952-915d-42e971ce8529
52.39649377834947,9.743023661986761,1654676360897,881adde5-5f36-4952-915d-42e971ce8529
52.3966,9.743010983495708,1654676362014,881adde5-5f36-4952-915d-42e971ce8529
52.39667752039311,9.742978367133006,1654676362019,881adde5-5f36-4952-915d-42e971ce8529
52.396762499999994,9.742799999999999,1654676362894,881adde5-5f36-4952-915d-42e971ce8529
52.39687752039312,9.74262163286699,1654676363896,881adde5-5f36-4952-915d-42e971ce8529
52.39699999999999,9.742589016504295,1654676364893,881adde5-5f36-4952-915d-42e971ce8529
52.396993778349454,9.742476338013235,1654676365891,881adde5-5f36-4952-915d-42e971ce8529
52.397137499999985,9.7423625,1654676366889,881adde5-5f36-4952-915d-42e971ce8529
52.39715318864196,9.742354371021822,1654676367899,881adde5-5f36-4952-915d-42e971ce8529
52.39730000000001,9.742364016504297,1654676368890,881adde5-5f36-4952-915d-42e971ce8529
52.39747551261547,9.74224966587558,1654676370886,881adde5-5f36-4952-915d-42e971ce8529
52.397575,9.7421,1654676372908,881adde5-5f36-4952-915d-42e971ce8529
52.397565354517525,9.741938838013239,1654676375898,881adde5-5f36-4952-915d-42e971ce8529
52.39761553300859,9.742000000000003,1654676379010,881adde5-5f36-4952-915d-42e971ce8529
52.39768564937128,9.741987834124423,1654676379018,881adde5-5f36-4952-915d-42e971ce8529
52.3977,9.742000000000004,1654676397074,881adde5-5f36-4952-915d-42e971ce8529
52.39781435062872,9.741940867133009,1654676397074,881adde5-5f36-4952-915d-42e971ce8529
52.39780946699141,9.741899999999998,1654676399899,881adde5-5f36-4952-915d-42e971ce8529
52.398034645482475,9.741891871021828,1654676402005,881adde5-5f36-4952-915d-42e971ce8529
52.398174999999995,9.741800000000001,1654676402006,881adde5-5f36-4952-915d-42e971ce8529
52.398234645482475,9.741808128978176,1654676403917,881adde5-5f36-4952-915d-42e971ce8529
52.398109466991414,9.7418,1654676406067,881adde5-5f36-4952-915d-42e971ce8529
52.39831435062871,9.741759132866996,1654676406067,881adde5-5f36-4952-915d-42e971ce8529
52.398399999999995,9.741800000000001,1654676407902,881adde5-5f36-4952-915d-42e971ce8529
52.398485649371295,9.741712165875581,1654676410870,881adde5-5f36-4952-915d-42e971ce8529
52.398515533008585,9.741699999999998,1654676414115,881adde5-5f36-4952-915d-42e971ce8529
52.39856535451754,9.741561161986766,1654676414127,881adde5-5f36-4952-915d-42e971ce8529
52.39876875,9.741399999999999,1654676420892,881adde5-5f36-4952-915d-42e971ce8529
52.398618750000026,9.741050334124418,1654676422896,881adde5-5f36-4952-915d-42e971ce8529
52.39859223349571,9.740999999999996,1654676423895,881adde5-5f36-4952-915d-42e971ce8529
52.39861875000001,9.741045628978176,1654676426082,881adde5-5f36-4952-915d-42e971ce8529
52.39858125000001,9.740799999999997,1654676426085,881adde5-5f36-4952-915d-42e971ce8529
52.39861875000002,9.740823661986763,1654676427046,881adde5-5f36-4952-915d-42e971ce8529
52.3986452665043,9.740599999999999,1654676427051,881adde5-5f36-4952-915d-42e971ce8529
52.398718750000015,9.740478367133004,1654676429002,881adde5-5f36-4952-915d-42e971ce8529
52.398643750000005,9.740299999999998,1654676429007,881adde5-5f36-4952-915d-42e971ce8529
52.398718750000015,9.740121632866993,1654676429897,881adde5-5f36-4952-915d-42e971ce8529
52.3987452665043,9.739999999999998,1654676430909,881adde5-5f36-4952-915d-42e971ce8529
52.398718750000015,9.739776338013238,1654676431897,881adde5-5f36-4952-915d-42e971ce8529
52.39878125000001,9.739699999999996,1654676432892,881adde5-5f36-4952-915d-42e971ce8529
52.398818750000025,9.739454371021825,1654676433895,881adde5-5f36-4952-915d-42e971ce8529
52.39879223349571,9.739399999999998,1654676434886,881adde5-5f36-4952-915d-42e971ce8529
52.39881875000002,9.73924966587558,1654676435907,881adde5-5f36-4952-915d-42e971ce8529
52.39897499999999,9.739100000000002,1654676436876,881adde5-5f36-4952-915d-42e971ce8529
52.39890751019656,9.73897525630774,1654676437889,881adde5-5f36-4952-915d-42e971ce8529
52.39891874999999,9.738817233495709,1654676439009,881adde5-5f36-4952-915d-42e971ce8529
52.39891563917474,9.738685905679024,1654676439015,881adde5-5f36-4952-915d-42e971ce8529
52.3989,9.7386,1654676439890,881adde5-5f36-4952-915d-42e971ce8529
52.39889534432098,9.73843438917473,1654676440890,881adde5-5f36-4952-915d-42e971ce8529
52.39901875,9.738329733495709,1654676441893,881adde5-5f36-4952-915d-42e971ce8529
52.399056506307744,9.738073739803443,1654676442895,881adde5-5f36-4952-915d-42e971ce8529
52.399,9.737900000000002,1654676443894,881adde5-5f36-4952-915d-42e971ce8529
52.39915650630774,9.737626260196556,1654676444898,881adde5-5f36-4952-915d-42e971ce8529
52.39911875,9.7375702665043,1654676446017,881adde5-5f36-4952-915d-42e971ce8529
52.399095344320976,9.737365610825268,1654676446024,881adde5-5f36-4952-915d-42e971ce8529
52.39909999999999,9.7372,1654676447009,881adde5-5f36-4952-915d-42e971ce8529
52.39911563917474,9.737214094320974,1654676447024,881adde5-5f36-4952-915d-42e971ce8529
52.39911874999999,9.737082766504296,1654676447902,881adde5-5f36-4952-915d-42e971ce8529
52.39920751019656,9.73672474369226,1654676448880,881adde5-5f36-4952-915d-42e971ce8529
52.399181250000005,9.736700000000003,1654676450033,881adde5-5f36-4952-915d-42e971ce8529
52.39915195755263,9.73664669376306,1654676450037,881adde5-5f36-4952-915d-42e971ce8529
52.39925075825215,9.736375758252144,1654676450911,881adde5-5f36-4952-915d-42e971ce8529
52.39927848472799,9.73619619181865,1654676451892,881adde5-5f36-4952-915d-42e971ce8529
52.399275,9.736081250000002,1654676453002,881adde5-5f36-4952-915d-42e971ce8529
52.399174548280584,9.736018158810065,1654676453057,881adde5-5f36-4952-915d-42e971ce8529
52.39932424174785,9.735950758252148,1654676453896,881adde5-5f36-4952-915d-42e971ce8529
52.399295009438774,9.735718660754472,1654676455046,881adde5-5f36-4952-915d-42e971ce8529
52.39931875,9.735700000000001,1654676455071,881adde5-5f36-4952-915d-42e971ce8529
52.399295009438774,9.73568133924553,1654676455896,881adde5-5f36-4952-915d-42e971ce8529
52.39932424174785,9.735249241747852,1654676457030,881adde5-5f36-4952-915d-42e971ce8529
52.39927454828058,9.735481841189937,1654676457030,881adde5-5f36-4952-915d-42e971ce8529
52.39937499999999,9.735218750000001,1654676458167,881adde5-5f36-4952-915d-42e971ce8529
52.39937848472799,9.73510380818135,1654676458177,881adde5-5f36-4952-915d-42e971ce8529
52.39925075825215,9.734924241747851,1654676458892,881adde5-5f36-4952-915d-42e971ce8529
52.39915195755263,9.734653306236943,1654676459892,881adde5-5f36-4952-915d-42e971ce8529
52.39918125000001,9.734599999999999,1654676460892,881adde5-5f36-4952-915d-42e971ce8529
52.39919702788749,9.734466152547986,1654676461894,881adde5-5f36-4952-915d-42e971ce8529
52.39916174174786,9.734213258252147,1654676463900,881adde5-5f36-4952-915d-42e971ce8529
52.39905817920317,9.733986714156172,1654676466895,881adde5-5f36-4952-915d-42e971ce8529
52.399,9.73381875,1654676469886,881adde5-5f36-4952-915d-42e971ce8529
52.399041820796825,9.73348064813899,1654676480036,881adde5-5f36-4952-915d-42e971ce8529
52.39908825825215,9.733713258252148,1654676480036,881adde5-5f36-4952-915d-42e971ce8529
52.39890297211252,9.733360086530809,1654676481897,881adde5-5f36-4952-915d-42e971ce8529
52.39891875000001,9.733299999999998,1654676483891,881adde5-5f36-4952-915d-42e971ce8529
52.39880297211253,9.73313991346919,1654676485897,881adde5-5f36-4952-915d-42e971ce8529
52.39888825825216,9.732886741747855,1654676487889,881adde5-5f36-4952-915d-42e971ce8529
52.39874182079682,9.732819351861005,1654676489909,881adde5-5f36-4952-915d-42e971ce8529
52.398700000000005,9.732581249999997,1654676490912,881adde5-5f36-4952-915d-42e971ce8529
52.39855817920318,9.732313285843826,1654676492897,881adde5-5f36-4952-915d-42e971ce8529
52.39866174174786,9.732086741747853,1654676494885,881adde5-5f36-4952-915d-42e971ce8529
52.39849702788749,9.731733847452013,1654676496896,881adde5-5f36-4952-915d-42e971ce8529
52.398574999999994,9.731600000000002,1654676499010,881adde5-5f36-4952-915d-42e971ce8529
52.39853607274123,9.731707175314357,1654676499010,881adde5-5f36-4952-915d-42e971ce8529
52.39830397524355,9.731375758252147,1654676500910,881adde5-5f36-4952-915d-42e971ce8529
52.39842592531436,9.731217322741234,1654676502885,881adde5-5f36-4952-915d-42e971ce8529
52.398456249999995,9.73121875,1654676505065,881adde5-5f36-4952-915d-42e971ce8529
52.39841157468565,9.731017322741232,1654676505067,881adde5-5f36-4952-915d-42e971ce8529
52.398283524756444,9.730850758252146,1654676506904,881adde5-5f36-4952-915d-42e971ce8529
52.39830142725877,9.730607175314356,1654676509899,881adde5-5f36-4952-915d-42e971ce8529
52.39818749999999,9.730400000000001,1654676512889,881adde5-5f36-4952-915d-42e971ce8529
52.398301427258765,9.730292824685643,1654676517895,881adde5-5f36-4952-915d-42e971ce8529
52.39828352475644,9.730049241747851,1654676521010,881adde5-5f36-4952-915d-42e971ce8529
52.398211574685654,9.729982677258764,1654676521011,881adde5-5f36-4952-915d-42e971ce8529
52.39825625,9.729781249999998,1654676522895,881adde5-5f36-4952-915d-42e971ce8529
52.398225925314364,9.729782677258763,1654676525116,881adde5-5f36-4952-915d-42e971ce8529
52.398103975243565,9.72962424174785,1654676525126,881adde5-5f36-4952-915d-42e971ce8529
52.39823607274124,9.729292824685642,1654676526885,881adde5-5f36-4952-915d-42e971ce8529
52.39823750000001,9.729100000000003,1654676529008,881adde5-5f36-4952-915d-42e971ce8529
52.3980996651178,9.72904731254468,1654676529009,881adde5-5f36-4952-915d-42e971ce8529
52.39812424174785,9.728821024756444,1654676530898,881adde5-5f36-4952-915d-42e971ce8529
52.39806703808402,9.728470963860373,1654676532896,881adde5-5f36-4952-915d-42e971ce8529
52.39804375,9.728356250000003,1654676534904,881adde5-5f36-4952-915d-42e971ce8529
52.39812197842025,9.72813498036467,1654676535884,881adde5-5f36-4952-915d-42e971ce8529
52.39805075825215,9.728058524756444,1654676536870,881adde5-5f36-4952-915d-42e971ce8529
52.397936318377894,9.727936329048973,1654676538012,881adde5-5f36-4952-915d-42e971ce8529
52.398075000000006,9.727800000000002,1654676538016,881adde5-5f36-4952-915d-42e971ce8529
52.3979363183779,9.727563670951028,1654676538872,881adde5-5f36-4952-915d-42e971ce8529
52.398050758252154,9.727341475243561,1654676539885,881adde5-5f36-4952-915d-42e971ce8529
52.398021978420246,9.72726501963533,1654676540882,881adde5-5f36-4952-915d-42e971ce8529
52.39794375000001,9.727043750000002,1654676541879,881adde5-5f36-4952-915d-42e971ce8529
52.39786703808403,9.727029036139628,1654676542893,881adde5-5f36-4952-915d-42e971ce8529
52.39792424174785,9.72677897524356,1654676543865,881adde5-5f36-4952-915d-42e971ce8529
52.397899665117784,9.726552687455321,1654676544886,881adde5-5f36-4952-915d-42e971ce8529
52.39795625000001,9.726599999999998,1654676546064,881adde5-5f36-4952-915d-42e971ce8529
52.39786568939974,9.7264530499292,1654676546068,881adde5-5f36-4952-915d-42e971ce8529
52.39786799174786,9.726358524756444,1654676546892,881adde5-5f36-4952-915d-42e971ce8529
52.39781861128725,9.726042902502327,1654676548897,881adde5-5f36-4952-915d-42e971ce8529
52.39783750000001,9.72598125,1654676595039,881adde5-5f36-4952-915d-42e971ce8529
52.39779237220846,9.725922452015205,1654676595079,881adde5-5f36-4952-915d-42e971ce8529
52.397794508252154,9.725621024756443,1654676596895,881adde5-5f36-4952-915d-42e971ce8529
52.397898327104556,9.725632599442086,1654676597999,881adde5-5f36-4952-915d-42e971ce8529
52.39789375000001,9.7254,1654676598005,881adde5-5f36-4952-915d-42e971ce8529
52.39779832710457,9.725167400557913,1654676598908,881adde5-5f36-4952-915d-42e971ce8529
52.39769450825216,9.72497897524356,1654676599889,881adde5-5f36-4952-915d-42e971ce8529
52.39769237220845,9.724877547984795,1654676601028,881adde5-5f36-4952-915d-42e971ce8529
52.39773750000002,9.72481875,1654676601030,881adde5-5f36-4952-915d-42e971ce8529
52.39771861128726,9.724657097497676,1654676601934,881adde5-5f36-4952-915d-42e971ce8529
52.39766799174786,9.724341475243559,1654676602891,881adde5-5f36-4952-915d-42e971ce8529
52.39766568939973,9.7243469500708,1654676603947,881adde5-5f36-4952-915d-42e971ce8529
52.39763749999999,9.724099999999998,1654676604879,881adde5-5f36-4952-915d-42e971ce8529
52.397629371021814,9.723862500000001,1654676605890,881adde5-5f36-4952-915d-42e971ce8529
52.39765303300858,9.723673483495707,1654676607009,881adde5-5f36-4952-915d-42e971ce8529
52.39759663286697,9.7239375,1654676607009,881adde5-5f36-4952-915d-42e971ce8529
52.39756249999999,9.723537499999997,1654676607896,881adde5-5f36-4952-915d-42e971ce8529
52.39762533412441,9.7232625,1654676608904,881adde5-5f36-4952-915d-42e971ce8529
52.3974469669914,9.723173483495707,1654676609886,881adde5-5f36-4952-915d-42e971ce8529
52.397598661986756,9.7230375,1654676610893,881adde5-5f36-4952-915d-42e971ce8529
52.3975375,9.722799999999998,1654676611893,881adde5-5f36-4952-915d-42e971ce8529
52.397598661986756,9.7225625,1654676613907,881adde5-5f36-4952-915d-42e971ce8529
52.39744696699141,9.722426516504298,1654676616048,881adde5-5f36-4952-915d-42e971ce8529
52.3975253341244,9.7226375,1654676616048,881adde5-5f36-4952-915d-42e971ce8529
52.3974625,9.722262499999998,1654676617037,881adde5-5f36-4952-915d-42e971ce8529
52.397396632866986,9.722162500000003,1654676617054,881adde5-5f36-4952-915d-42e971ce8529
52.39745303300858,9.722126516504293,1654676618095,881adde5-5f36-4952-915d-42e971ce8529
52.39742937102181,9.722037499999999,1654676618104,881adde5-5f36-4952-915d-42e971ce8529
52.39736249999999,9.721800000000002,1654676618923,881adde5-5f36-4952-915d-42e971ce8529
52.397420768448704,9.721653384811402,1654676619900,881adde5-5f36-4952-915d-42e971ce8529
52.39751098349571,9.721489016504293,1654676620950,881adde5-5f36-4952-915d-42e971ce8529
52.397502380922596,9.721409940586359,1654676623116,881adde5-5f36-4952-915d-42e971ce8529
52.3975375,9.721300000000003,1654676623119,881adde5-5f36-4952-915d-42e971ce8529
52.39758208606883,9.721100473594948,1654676624898,881adde5-5f36-4952-915d-42e971ce8529
52.397664016504294,9.720964016504295,1654676626891,881adde5-5f36-4952-915d-42e971ce8529
52.39756976455989,9.720568917819987,1654676629072,881adde5-5f36-4952-915d-42e971ce8529
52.39736249999999,9.720600000000001,1654676629086,881adde5-5f36-4952-915d-42e971ce8529
52.397469764559894,9.720431082180012,1654676631053,881adde5-5f36-4952-915d-42e971ce8529
52.3973640165043,9.720335983495705,1654676631060,881adde5-5f36-4952-915d-42e971ce8529
52.39718208606883,9.72019952640505,1654676632914,881adde5-5f36-4952-915d-42e971ce8529
52.3972375,9.720100000000002,1654676634002,881adde5-5f36-4952-915d-42e971ce8529
52.3971023809226,9.720090059413643,1654676634011,881adde5-5f36-4952-915d-42e971ce8529
52.39711098349571,9.719910983495707,1654676634882,881adde5-5f36-4952-915d-42e971ce8529
52.3971207684487,9.719946615188599,1654676636083,881adde5-5f36-4952-915d-42e971ce8529
52.39688749999999,9.7197,1654676636084,881adde5-5f36-4952-915d-42e971ce8529
52.396974163931176,9.7196653651886,1654676636888,881adde5-5f36-4952-915d-42e971ce8529
52.39696401650429,9.719500000000002,1654676637894,881adde5-5f36-4952-915d-42e971ce8529
52.3968354815513,9.71937130941364,1654676638914,881adde5-5f36-4952-915d-42e971ce8529
52.3967625,9.7192375,1654676640021,881adde5-5f36-4952-915d-42e971ce8529
52.39668648544013,9.719218276405051,1654676640028,881adde5-5f36-4952-915d-42e971ce8529
52.3967109834957,9.718999999999998,1654676640896,881adde5-5f36-4952-915d-42e971ce8529
52.39675386907742,9.719012332180013,1654676642016,881adde5-5f36-4952-915d-42e971ce8529
52.3966375,9.718900000000001,1654676642019,881adde5-5f36-4952-915d-42e971ce8529
52.39665386907741,9.718787667819988,1654676642894,881adde5-5f36-4952-915d-42e971ce8529
52.39651098349571,9.7187,1654676643893,881adde5-5f36-4952-915d-42e971ce8529
52.39638648544011,9.718381723594947,1654676645897,881adde5-5f36-4952-915d-42e971ce8529
52.3963625,9.7182625,1654676648057,881adde5-5f36-4952-915d-42e971ce8529
52.396335481551304,9.718128690586358,1654676648064,881adde5-5f36-4952-915d-42e971ce8529
52.39626401650428,9.718,1654676649894,881adde5-5f36-4952-915d-42e971ce8529
52.396274163931174,9.717834634811402,1654676696884,881adde5-5f36-4952-915d-42e971ce8529
52.39614375,9.7179,1654676698992,881adde5-5f36-4952-915d-42e971ce8529
52.396174782712784,9.71774147524356,1654676698994,881adde5-5f36-4952-915d-42e971ce8529
52.396115533008576,9.717581249999997,1654676700886,881adde5-5f36-4952-915d-42e971ce8529
52.396160709509566,9.717578975243557,1654676703053,881adde5-5f36-4952-915d-42e971ce8529
52.395981250000006,9.7175,1654676703060,881adde5-5f36-4952-915d-42e971ce8529
52.396003306994714,9.71742102475644,1654676705176,881adde5-5f36-4952-915d-42e971ce8529
52.3958094669914,9.717518749999998,1654676705203,881adde5-5f36-4952-915d-42e971ce8529
52.395636200782896,9.71765852475644,1654676706919,881adde5-5f36-4952-915d-42e971ce8529
52.39569375,9.717599999999997,1654676707890,881adde5-5f36-4952-915d-42e971ce8529
52.39553620078291,9.717541475243557,1654676709142,881adde5-5f36-4952-915d-42e971ce8529
52.3954094669914,9.71768125,1654676709148,881adde5-5f36-4952-915d-42e971ce8529
52.395403306994716,9.717678975243556,1654676710141,881adde5-5f36-4952-915d-42e971ce8529
52.39528125,9.717700000000002,1654676710146,881adde5-5f36-4952-915d-42e971ce8529
52.39526070950957,9.717821024756443,1654676711029,881adde5-5f36-4952-915d-42e971ce8529
52.39521553300859,9.717818750000001,1654676711056,881adde5-5f36-4952-915d-42e971ce8529
52.39517478271278,9.717858524756442,1654676711900,881adde5-5f36-4952-915d-42e971ce8529
52.394943749999996,9.717899999999998,1654676713023,881adde5-5f36-4952-915d-42e971ce8529
52.39492219570747,9.717897027887478,1654676713058,881adde5-5f36-4952-915d-42e971ce8529
52.39487727475644,9.717913258252146,1654676713898,881adde5-5f36-4952-915d-42e971ce8529
52.39471395560823,9.718041820796826,1654676714906,881adde5-5f36-4952-915d-42e971ce8529
52.394499999999994,9.718056249999997,1654676715900,881adde5-5f36-4952-915d-42e971ce8529
52.39440801138319,9.718141820796825,1654676717084,881adde5-5f36-4952-915d-42e971ce8529
52.39449772524355,9.718113258252144,1654676717084,881adde5-5f36-4952-915d-42e971ce8529
52.394505837301125,9.71809702788748,1654676718008,881adde5-5f36-4952-915d-42e971ce8529
52.394206249999996,9.718099999999998,1654676718011,881adde5-5f36-4952-915d-42e971ce8529
52.394305837301125,9.718202972112518,1654676718892,881adde5-5f36-4952-915d-42e971ce8529
52.394097725243554,9.71828674174785,1654676719898,881adde5-5f36-4952-915d-42e971ce8529
52.393908011383196,9.718258179203174,1654676720899,881adde5-5f36-4952-915d-42e971ce8529
52.393799999999985,9.718343749999999,1654676721891,881adde5-5f36-4952-915d-42e971ce8529
52.393713955608234,9.718458179203173,1654676722895,881adde5-5f36-4952-915d-42e971ce8529
52.39367727475644,9.718486741747851,1654676724013,881adde5-5f36-4952-915d-42e971ce8529
52.39372219570748,9.718502972112523,1654676724013,881adde5-5f36-4952-915d-42e971ce8529
52.3936125,9.718600000000002,1654676725128,881adde5-5f36-4952-915d-42e971ce8529
52.39345770560824,9.718592824685645,1654676725128,881adde5-5f36-4952-915d-42e971ce8529
52.39342102475645,9.718724241747854,1654676726021,881adde5-5f36-4952-915d-42e971ce8529
52.39354958730112,9.718582677258764,1654676726021,881adde5-5f36-4952-915d-42e971ce8529
52.39335625,9.718856250000002,1654676726889,881adde5-5f36-4952-915d-42e971ce8529
52.39316594570748,9.718882677258765,1654676727893,881adde5-5f36-4952-915d-42e971ce8529
52.39294147524357,9.718849241747856,1654676728894,881adde5-5f36-4952-915d-42e971ce8529
52.39285176138319,9.718992824685644,1654676729899,881adde5-5f36-4952-915d-42e971ce8529
52.39280000000001,9.719100000000001,1654676732112,881adde5-5f36-4952-915d-42e971ce8529
52.392751761383195,9.719207175314358,1654676732123,881adde5-5f36-4952-915d-42e971ce8529
52.392641475243565,9.719250758252148,1654676732923,881adde5-5f36-4952-915d-42e971ce8529
52.392565945707474,9.719317322741235,1654676733898,881adde5-5f36-4952-915d-42e971ce8529
52.39255625,9.719343750000004,1654676734886,881adde5-5f36-4952-915d-42e971ce8529
52.39244958730113,9.719517322741236,1654676735882,881adde5-5f36-4952-915d-42e971ce8529
52.39232102475645,9.71947575825215,1654676737057,881adde5-5f36-4952-915d-42e971ce8529
52.39225770560824,9.719607175314357,1654676737062,881adde5-5f36-4952-915d-42e971ce8529
52.392275000000005,9.7197,1654676738908,881adde5-5f36-4952-915d-42e971ce8529
52.392157794853766,9.719814350628711,1654676739900,881adde5-5f36-4952-915d-42e971ce8529
52.391962500000005,9.719889016504293,1654676741904,881adde5-5f36-4952-915d-42e971ce8529
52.39198649611118,9.719934645482471,1654676743904,881adde5-5f36-4952-915d-42e971ce8529
52.3918,9.719962500000001,1654676819030,881adde5-5f36-4952-915d-42e971ce8529
52.39178850388882,9.72003464548247,1654676819030,881adde5-5f36-4952-915d-42e971ce8529
52.391662499999995,9.720164016504295,1654676820893,881adde5-5f36-4952-915d-42e971ce8529
52.39161720514624,9.720214350628712,1654676822887,881adde5-5f36-4952-915d-42e971ce8529
52.391574999999996,9.720300000000002,1654676824900,881adde5-5f36-4952-915d-42e971ce8529
52.39141720514625,9.720285649371286,1654676827149,881adde5-5f36-4952-915d-42e971ce8529
52.3913625,9.720435983495705,1654676827160,881adde5-5f36-4952-915d-42e971ce8529
52.39138850388881,9.720665354517532,1654676827931,881adde5-5f36-4952-915d-42e971ce8529
52.39149999999999,9.721137500000001,1654676829894,881adde5-5f36-4952-915d-42e971ce8529
52.39158649611119,9.72116535451753,1654676831070,881adde5-5f36-4952-915d-42e971ce8529
52.3914625,9.721310983495705,1654676831072,881adde5-5f36-4952-915d-42e971ce8529
52.39165779485375,9.721485649371285,1654676831889,881adde5-5f36-4952-915d-42e971ce8529
52.3916375,9.721500000000002,1654676833032,881adde5-5f36-4952-915d-42e971ce8529
52.39160549174785,9.721732883341502,1654676833034,881adde5-5f36-4952-915d-42e971ce8529
52.391681250000005,9.721854733495709,1654676834103,881adde5-5f36-4952-915d-42e971ce8529
52.39173200825215,9.722030185972894,1654676834104,881adde5-5f36-4952-915d-42e971ce8529
52.391625000000005,9.722062500000002,1654676834899,881adde5-5f36-4952-915d-42e971ce8529
52.391832008252145,9.72228170247719,1654676835899,881adde5-5f36-4952-915d-42e971ce8529
52.39178125,9.722492233495709,1654676836905,881adde5-5f36-4952-915d-42e971ce8529
52.39190549174785,9.7227343998458,1654676840105,881adde5-5f36-4952-915d-42e971ce8529
52.39183750000001,9.722700000000003,1654676840124,881adde5-5f36-4952-915d-42e971ce8529
52.39180549174786,9.722665600154198,1654676840888,881adde5-5f36-4952-915d-42e971ce8529
52.391681250000005,9.723007766504297,1654676841909,881adde5-5f36-4952-915d-42e971ce8529
52.391632008252145,9.723118297522813,1654676842902,881adde5-5f36-4952-915d-42e971ce8529
52.391425,9.723337500000001,1654676843882,881adde5-5f36-4952-915d-42e971ce8529
52.391432008252146,9.723369814027105,1654676844905,881adde5-5f36-4952-915d-42e971ce8529
52.39138125,9.723645266504297,1654676845901,881adde5-5f36-4952-915d-42e971ce8529
52.391205491747854,9.723667116658495,1654676846899,881adde5-5f36-4952-915d-42e971ce8529
52.39091249999999,9.723799999999999,1654676847870,881adde5-5f36-4952-915d-42e971ce8529
52.39105318864195,9.723826516504294,1654676849093,881adde5-5f36-4952-915d-42e971ce8529
52.390999999999984,9.7238625,1654676849100,881adde5-5f36-4952-915d-42e971ce8529
52.390877520393104,9.724026516504296,1654676850030,881adde5-5f36-4952-915d-42e971ce8529
52.39096249999999,9.723999999999997,1654676850030,881adde5-5f36-4952-915d-42e971ce8529
52.39087551261547,9.724173483495708,1654676851088,881adde5-5f36-4952-915d-42e971ce8529
52.3908,9.724237499999997,1654676851089,881adde5-5f36-4952-915d-42e971ce8529
52.39069377834945,9.724273483495706,1654676851882,881adde5-5f36-4952-915d-42e971ce8529
52.390562499999994,9.724399999999997,1654676853019,881adde5-5f36-4952-915d-42e971ce8529
52.390593778349455,9.724426516504293,1654676853020,881adde5-5f36-4952-915d-42e971ce8529
52.390499999999996,9.724462499999998,1654676853904,881adde5-5f36-4952-915d-42e971ce8529
52.39047551261547,9.724526516504294,1654676854894,881adde5-5f36-4952-915d-42e971ce8529
52.3902625,9.724599999999999,1654676855896,881adde5-5f36-4952-915d-42e971ce8529
52.3901775203931,9.724673483495707,1654676857018,881adde5-5f36-4952-915d-42e971ce8529
52.39019999999999,9.7247375,1654676857030,881adde5-5f36-4952-915d-42e971ce8529
52.390053188641936,9.724773483495708,1654676857910,881adde5-5f36-4952-915d-42e971ce8529
52.38997500000001,9.724900000000003,1654676859902,881adde5-5f36-4952-915d-42e971ce8529
52.38980092607213,9.724995344320972,1654676861893,881adde5-5f36-4952-915d-42e971ce8529
52.38974526650429,9.725118749999998,1654676864888,881adde5-5f36-4952-915d-42e971ce8529
52.38970501815291,9.725092489803446,1654676868062,881adde5-5f36-4952-915d-42e971ce8529
52.389562500000004,9.7251375,1654676868071,881adde5-5f36-4952-915d-42e971ce8529
52.3894154323342,9.725256506307737,1654676871896,881adde5-5f36-4952-915d-42e971ce8529
52.389392233495705,9.725181249999997,1654676875890,881adde5-5f36-4952-915d-42e971ce8529
52.38937862344075,9.72528436082527,1654676912887,881adde5-5f36-4952-915d-42e971ce8529
52.38922500000001,9.725300000000002,1654676916112,881adde5-5f36-4952-915d-42e971ce8529
52.389278623440745,9.72531563917473,1654676916116,881adde5-5f36-4952-915d-42e971ce8529
52.3890922334957,9.725418750000001,1654676917893,881adde5-5f36-4952-915d-42e971ce8529
52.388915432334215,9.725443493692262,1654676919905,881adde5-5f36-4952-915d-42e971ce8529
52.388762500000006,9.7255625,1654676921923,881adde5-5f36-4952-915d-42e971ce8529
52.3887050181529,9.725707510196553,1654676923896,881adde5-5f36-4952-915d-42e971ce8529
52.388745266504294,9.72568125,1654676925094,881adde5-5f36-4952-915d-42e971ce8529
52.38860092607213,9.725804655679024,1654676925097,881adde5-5f36-4952-915d-42e971ce8529
52.38858124999999,9.7259,1654676925902,881adde5-5f36-4952-915d-42e971ce8529
52.38835041269888,9.726136072741236,1654676927906,881adde5-5f36-4952-915d-42e971ce8529
52.38843977475643,9.726122725243558,1654676929902,881adde5-5f36-4952-915d-42e971ce8529
52.38834823861682,9.726274074685644,1654676932068,881adde5-5f36-4952-915d-42e971ce8529
52.388262499999996,9.72645625,1654676932084,881adde5-5f36-4952-915d-42e971ce8529
52.38834229439177,9.726311574685644,1654676933053,881adde5-5f36-4952-915d-42e971ce8529
52.38836022524355,9.726397725243556,1654676933072,881adde5-5f36-4952-915d-42e971ce8529
52.38853405429254,9.726498572741233,1654676935033,881adde5-5f36-4952-915d-42e971ce8529
52.38844374999999,9.726499999999998,1654676935033,881adde5-5f36-4952-915d-42e971ce8529
52.38863405429253,9.726701427258766,1654676935887,881adde5-5f36-4952-915d-42e971ce8529
52.38866022524355,9.726802274756443,1654676936896,881adde5-5f36-4952-915d-42e971ce8529
52.388842294391786,9.726888425314357,1654676938086,881adde5-5f36-4952-915d-42e971ce8529
52.38886249999999,9.726943750000002,1654676938087,881adde5-5f36-4952-915d-42e971ce8529
52.389048238616816,9.727125925314356,1654676938886,881adde5-5f36-4952-915d-42e971ce8529
52.38913977475644,9.72727727475644,1654676939895,881adde5-5f36-4952-915d-42e971ce8529
52.38915041269889,9.727363927258763,1654676941056,881adde5-5f36-4952-915d-42e971ce8529
52.38925625,9.7274,1654676941056,881adde5-5f36-4952-915d-42e971ce8529
52.38930512927397,9.727521387230318,1654676941920,881adde5-5f36-4952-915d-42e971ce8529
52.3893734834957,9.727645266504297,1654676942901,881adde5-5f36-4952-915d-42e971ce8529
52.38934587461484,9.727672391119137,1654676943868,881adde5-5f36-4952-915d-42e971ce8529
52.389581250000006,9.727937500000003,1654676944885,881adde5-5f36-4952-915d-42e971ce8529
52.38967457587226,9.72799890762343,1654676946045,881adde5-5f36-4952-915d-42e971ce8529
52.38972651650428,9.728007766504295,1654676946047,881adde5-5f36-4952-915d-42e971ce8529
52.38977442023891,9.728147903734616,1654676946885,881adde5-5f36-4952-915d-42e971ce8529
52.38978125,9.728200000000001,1654676948029,881adde5-5f36-4952-915d-42e971ce8529
52.38987442023892,9.728252096265383,1654676948033,881adde5-5f36-4952-915d-42e971ce8529
52.38992651650429,9.728392233495708,1654676948888,881adde5-5f36-4952-915d-42e971ce8529
52.389974575872266,9.728401092376563,1654676950027,881adde5-5f36-4952-915d-42e971ce8529
52.389981250000005,9.728462500000003,1654676950030,881adde5-5f36-4952-915d-42e971ce8529
52.39004587461484,9.728727608880856,1654676951900,881adde5-5f36-4952-915d-42e971ce8529
52.3901734834957,9.728754733495705,1654676953896,881adde5-5f36-4952-915d-42e971ce8529
52.39030512927397,9.728878612769677,1654676955894,881adde5-5f36-4952-915d-42e971ce8529
52.3904,9.729099999999999,1654676958902,881adde5-5f36-4952-915d-42e971ce8529
52.390479448838505,9.729207510196556,1654676960909,881adde5-5f36-4952-915d-42e971ce8529
52.39059223349572,9.729409283008588,1654676963027,881adde5-5f36-4952-915d-42e971ce8529
52.39061190956784,9.72928436082527,1654676963028,881adde5-5f36-4952-915d-42e971ce8529
52.390662500000005,9.7294625,1654676964887,881adde5-5f36-4952-915d-42e971ce8529
52.390889606936454,9.729595344320973,1654676966882,881adde5-5f36-4952-915d-42e971ce8529
52.390945266504296,9.72979678300859,1654676968898,881adde5-5f36-4952-915d-42e971ce8529
52.39106903465719,9.72984349369226,1654676970904,881adde5-5f36-4952-915d-42e971ce8529
52.391000000000005,9.73,1654676974003,881adde5-5f36-4952-915d-42e971ce8529
52.39106903465719,9.73005650630774,1654676974003,881adde5-5f36-4952-915d-42e971ce8529
52.3911452665043,9.730203216991411,1654676980903,881adde5-5f36-4952-915d-42e971ce8529
52.39118960693645,9.730304655679026,1654676982906,881adde5-5f36-4952-915d-42e971ce8529
52.39116250000001,9.7305375,1654676985892,881adde5-5f36-4952-915d-42e971ce8529
52.39121190956784,9.73061563917473,1654676988048,881adde5-5f36-4952-915d-42e971ce8529
52.39119223349571,9.730590716991413,1654676988061,881adde5-5f36-4952-915d-42e971ce8529
52.3912794488385,9.730892489803443,1654676988888,881adde5-5f36-4952-915d-42e971ce8529
52.39124375000001,9.730999999999998,1654676989889,881adde5-5f36-4952-915d-42e971ce8529
52.39145947842025,9.731226544095975,1654676990888,881adde5-5f36-4952-915d-42e971ce8529
52.39141647524355,9.731421024756443,1654676991889,881adde5-5f36-4952-915d-42e971ce8529
52.391437165117786,9.73157334478296,1654676992893,881adde5-5f36-4952-915d-42e971ce8529
52.39150000000001,9.731818749999999,1654676993909,881adde5-5f36-4952-915d-42e971ce8529
52.39147381837791,9.73195289429584,1654676994902,881adde5-5f36-4952-915d-42e971ce8529
52.391596024756446,9.732158524756446,1654676996890,881adde5-5f36-4952-915d-42e971ce8529
52.391604538084025,9.732306093608862,1654677000011,881adde5-5f36-4952-915d-42e971ce8529
52.39158125000001,9.732299999999999,1654677000013,881adde5-5f36-4952-915d-42e971ce8529
52.391704538084035,9.732393906391142,1654677001917,881adde5-5f36-4952-915d-42e971ce8529
52.39189602475644,9.732541475243558,1654677002894,881adde5-5f36-4952-915d-42e971ce8529
52.391873818377896,9.732647105704162,1654677003885,881adde5-5f36-4952-915d-42e971ce8529
52.39190000000001,9.732781249999999,1654677004888,881adde5-5f36-4952-915d-42e971ce8529
52.39213716511781,9.733026655217046,1654677006872,881adde5-5f36-4952-915d-42e971ce8529
52.39211647524356,9.733078975243561,1654677008884,881adde5-5f36-4952-915d-42e971ce8529
52.39225947842026,9.733173455904026,1654677013898,881adde5-5f36-4952-915d-42e971ce8529
52.39214375,9.7332,1654677017039,881adde5-5f36-4952-915d-42e971ce8529
52.39205411471409,9.733460905679022,1654677017045,881adde5-5f36-4952-915d-42e971ce8529
52.391989016504304,9.73342821699141,1654677018892,881adde5-5f36-4952-915d-42e971ce8529
52.391982538546024,9.733651260196554,1654677020904,881adde5-5f36-4952-915d-42e971ce8529
52.39188125,9.733837500000002,1654677022896,881adde5-5f36-4952-915d-42e971ce8529
52.39189094494969,9.73389974369226,1654677024878,881adde5-5f36-4952-915d-42e971ce8529
52.391735983495714,9.73396571699141,1654677026895,881adde5-5f36-4952-915d-42e971ce8529
52.39177240179021,9.73405938917473,1654677028891,881adde5-5f36-4952-915d-42e971ce8529
52.39164375,9.734199999999998,1654677032894,881adde5-5f36-4952-915d-42e971ce8529
52.39167240179021,9.734440610825269,1654677071902,881adde5-5f36-4952-915d-42e971ce8529
52.39143598349572,9.734534283008589,1654677074878,881adde5-5f36-4952-915d-42e971ce8529
52.39149094494969,9.734600256307738,1654677077100,881adde5-5f36-4952-915d-42e971ce8529
52.39148125,9.734562500000001,1654677077134,881adde5-5f36-4952-915d-42e971ce8529
52.39118253854601,9.734548739803445,1654677078918,881adde5-5f36-4952-915d-42e971ce8529
52.39118901650429,9.734571783008587,1654677080102,881adde5-5f36-4952-915d-42e971ce8529
52.39105411471409,9.734439094320974,1654677080111,881adde5-5f36-4952-915d-42e971ce8529
52.391000000000005,9.7345,1654677080906,881adde5-5f36-4952-915d-42e971ce8529
52.39092760888086,9.734502637230323,1654677081922,881adde5-5f36-4952-915d-42e971ce8529
52.39068125000001,9.734443750000002,1654677082977,881adde5-5f36-4952-915d-42e971ce8529
52.39055209626538,9.734491141119141,1654677083911,881adde5-5f36-4952-915d-42e971ce8529
52.39046250000001,9.734475000000003,1654677084891,881adde5-5f36-4952-915d-42e971ce8529
52.390421387230326,9.734380157623434,1654677085911,881adde5-5f36-4952-915d-42e971ce8529
52.390181250000005,9.73445625,1654677086891,881adde5-5f36-4952-915d-42e971ce8529
52.39009890762343,9.734466653734618,1654677087900,881adde5-5f36-4952-915d-42e971ce8529
52.38985000000001,9.7344,1654677088907,881adde5-5f36-4952-915d-42e971ce8529
52.38989890762343,9.734333346265386,1654677089894,881adde5-5f36-4952-915d-42e971ce8529
52.389781250000006,9.734343750000003,1654677090886,881adde5-5f36-4952-915d-42e971ce8529
52.38962138723032,9.73441984237657,1654677091895,881adde5-5f36-4952-915d-42e971ce8529
52.38956250000001,9.734325000000002,1654677093019,881adde5-5f36-4952-915d-42e971ce8529
52.38945209626538,9.734308858880858,1654677093020,881adde5-5f36-4952-915d-42e971ce8529
52.38938125000001,9.73435625,1654677093914,881adde5-5f36-4952-915d-42e971ce8529
52.389327608880855,9.734297362769677,1654677096069,881adde5-5f36-4952-915d-42e971ce8529
52.3893,9.734300000000001,1654677096085,881adde5-5f36-4952-915d-42e971ce8529
52.38917633801325,9.734273483495706,1654677097914,881adde5-5f36-4952-915d-42e971ce8529
52.38912651650429,9.73420946699141,1654677135043,881adde5-5f36-4952-915d-42e971ce8529
52.38924966587558,9.734273483495706,1654677135043,881adde5-5f36-4952-915d-42e971ce8529
52.3888625,9.734200000000001,1654677136895,881adde5-5f36-4952-915d-42e971ce8529
52.388778367133014,9.734226516504295,1654677137909,881adde5-5f36-4952-915d-42e971ce8529
52.388573483495705,9.734184466991412,1654677138881,881adde5-5f36-4952-915d-42e971ce8529
52.38854562897818,9.734226516504295,1654677140050,881adde5-5f36-4952-915d-42e971ce8529
52.388574999999996,9.734200000000001,1654677140056,881adde5-5f36-4952-915d-42e971ce8529
52.38844562897818,9.734073483495706,1654677140892,881adde5-5f36-4952-915d-42e971ce8529
52.388173483495706,9.73411553300859,1654677141885,881adde5-5f36-4952-915d-42e971ce8529
52.38817836713301,9.734073483495706,1654677142907,881adde5-5f36-4952-915d-42e971ce8529
52.3879625,9.734100000000002,1654677144070,881adde5-5f36-4952-915d-42e971ce8529
52.38814966587559,9.734126516504295,1654677144070,881adde5-5f36-4952-915d-42e971ce8529
52.387926516504294,9.73419053300859,1654677144877,881adde5-5f36-4952-915d-42e971ce8529
52.38777633801324,9.734126516504295,1654677146021,881adde5-5f36-4952-915d-42e971ce8529
52.38768749999999,9.734100000000002,1654677146021,881adde5-5f36-4952-915d-42e971ce8529
52.38770204604038,9.73394693939973,1654677146896,881adde5-5f36-4952-915d-42e971ce8529
52.387613258252145,9.733967991747852,1654677148893,881adde5-5f36-4952-915d-42e971ce8529
52.38753680264393,9.734000138712748,1654677152088,881adde5-5f36-4952-915d-42e971ce8529
52.38734375,9.73401875,1654677152089,881adde5-5f36-4952-915d-42e971ce8529
52.38734274686897,9.733973622208454,1654677153901,881adde5-5f36-4952-915d-42e971ce8529
52.387186741747854,9.734005491747851,1654677155899,881adde5-5f36-4952-915d-42e971ce8529
52.38711840444673,9.733920422895435,1654677157002,881adde5-5f36-4952-915d-42e971ce8529
52.386925,9.733900000000002,1654677157010,881adde5-5f36-4952-915d-42e971ce8529
52.38681840444672,9.733979577104565,1654677157897,881adde5-5f36-4952-915d-42e971ce8529
52.386786741747855,9.733894508252147,1654677158910,881adde5-5f36-4952-915d-42e971ce8529
52.38674274686897,9.733926377791544,1654677160087,881adde5-5f36-4952-915d-42e971ce8529
52.38654375,9.73388125,1654677160092,881adde5-5f36-4952-915d-42e971ce8529
52.38653680264392,9.73389986128725,1654677160895,881adde5-5f36-4952-915d-42e971ce8529
52.38641325825215,9.733832008252147,1654677161903,881adde5-5f36-4952-915d-42e971ce8529
52.38620204604039,9.73385306060027,1654677162898,881adde5-5f36-4952-915d-42e971ce8529
52.3861,9.733800000000002,1654677163903,881adde5-5f36-4952-915d-42e971ce8529
52.38584744058635,9.733732264559887,1654677164912,881adde5-5f36-4952-915d-42e971ce8529
52.3857625,9.733689016504295,1654677165895,881adde5-5f36-4952-915d-42e971ce8529
52.38570641781998,9.733755413931174,1654677166887,881adde5-5f36-4952-915d-42e971ce8529
52.385737500000005,9.733700000000002,1654677168027,881adde5-5f36-4952-915d-42e971ce8529
52.38568411518859,9.733664880922584,1654677168031,881adde5-5f36-4952-915d-42e971ce8529
52.38546249999999,9.733664016504292,1654677168898,881adde5-5f36-4952-915d-42e971ce8529
52.38533702640505,9.733616731551297,1654677169891,881adde5-5f36-4952-915d-42e971ce8529
52.385225000000005,9.7336,1654677171044,881adde5-5f36-4952-915d-42e971ce8529
52.38533702640505,9.733583268448701,1654677171055,881adde5-5f36-4952-915d-42e971ce8529
52.385062500000004,9.733535983495704,1654677172900,881adde5-5f36-4952-915d-42e971ce8529
52.3850841151886,9.733635119077416,1654677174892,881adde5-5f36-4952-915d-42e971ce8529
52.385037499999996,9.733600000000003,1654677180140,881adde5-5f36-4952-915d-42e971ce8529
52.384906417819984,9.733444586068826,1654677180153,881adde5-5f36-4952-915d-42e971ce8529
52.384762499999994,9.733510983495705,1654677181913,881adde5-5f36-4952-915d-42e971ce8529
52.38494744058635,9.733567735440115,1654677184094,881adde5-5f36-4952-915d-42e971ce8529
52.38468125000001,9.733700000000002,1654677184117,881adde5-5f36-4952-915d-42e971ce8529
52.38458578808403,9.733736318377902,1654677186087,881adde5-5f36-4952-915d-42e971ce8529
52.384696024756444,9.733842991747853,1654677186102,881adde5-5f36-4952-915d-42e971ce8529
52.384455068377896,9.733978021579738,1654677187910,881adde5-5f36-4952-915d-42e971ce8529
52.3844,9.73421875,1654677189918,881adde5-5f36-4952-915d-42e971ce8529
52.38431841511781,9.734367038084034,1654677190899,881adde5-5f36-4952-915d-42e971ce8529
52.384316475243565,9.734430491747855,1654677192050,881adde5-5f36-4952-915d-42e971ce8529
52.384340728420256,9.734600334882197,1654677192052,881adde5-5f36-4952-915d-42e971ce8529
52.38439375000001,9.7347,1654677192928,881adde5-5f36-4952-915d-42e971ce8529
52.38424072842026,9.7348996651178,1654677193871,881adde5-5f36-4952-915d-42e971ce8529
52.38411647524355,9.735169508252145,1654677195906,881adde5-5f36-4952-915d-42e971ce8529
52.38411841511779,9.735132961915962,1654677198142,881adde5-5f36-4952-915d-42e971ce8529
52.38409999999999,9.73518125,1654677198151,881adde5-5f36-4952-915d-42e971ce8529
52.38395506837791,9.73542197842026,1654677200910,881adde5-5f36-4952-915d-42e971ce8529
52.38399602475644,9.735557008252147,1654677203904,881adde5-5f36-4952-915d-42e971ce8529
52.38388578808403,9.735863681622094,1654677239984,881adde5-5f36-4952-915d-42e971ce8529
52.38391875,9.735800000000001,1654677239990,881adde5-5f36-4952-915d-42e971ce8529
52.38376571699141,9.735851003888818,1654677241893,881adde5-5f36-4952-915d-42e971ce8529
52.3837967830086,9.735899999999999,1654677244018,881adde5-5f36-4952-915d-42e971ce8529
52.38377178300859,9.736079705146246,1654677244029,881adde5-5f36-4952-915d-42e971ce8529
52.383618750000004,9.736200000000004,1654677245893,881adde5-5f36-4952-915d-42e971ce8529
52.38357178300859,9.736279705146245,1654677247904,881adde5-5f36-4952-915d-42e971ce8529
52.38329071699141,9.7364,1654677249901,881adde5-5f36-4952-915d-42e971ce8529
52.38326571699142,9.736451003888815,1654677272931,881adde5-5f36-4952-915d-42e971ce8529
52.383218750000005,9.736600000000003,1654677274883,881adde5-5f36-4952-915d-42e971ce8529
52.3830657169914,9.736648996111182,1654677276878,881adde5-5f36-4952-915d-42e971ce8529
52.38289071699142,9.7367,1654677278877,881adde5-5f36-4952-915d-42e971ce8529
52.38297178300859,9.736820294853757,1654677280887,881adde5-5f36-4952-915d-42e971ce8529
52.382818750000006,9.736900000000002,1654677283036,881adde5-5f36-4952-915d-42e971ce8529
52.382871783008596,9.736920294853757,1654677283042,881adde5-5f36-4952-915d-42e971ce8529
52.38269678300858,9.736999999999998,1654677284907,881adde5-5f36-4952-915d-42e971ce8529
52.38256571699141,9.737148996111182,1654677286893,881adde5-5f36-4952-915d-42e971ce8529
52.38249999999999,9.737199999999998,1654677288894,881adde5-5f36-4952-915d-42e971ce8529
52.38241771776171,9.737259132866996,1654677291914,881adde5-5f36-4952-915d-42e971ce8529
52.3823,9.737426516504293,1654677349902,881adde5-5f36-4952-915d-42e971ce8529
52.382066692530756,9.73743883801324,1654677352895,881adde5-5f36-4952-915d-42e971ce8529
52.382099999999994,9.7376375,1654677435070,881adde5-5f36-4952-915d-42e971ce8529
52.38210527446064,9.737591871021827,1654677435080,881adde5-5f36-4952-915d-42e971ce8529
52.38199999999999,9.737726516504294,1654677436951,881adde5-5f36-4952-915d-42e971ce8529
52.38196031524686,9.737812165875582,1654677438899,881adde5-5f36-4952-915d-42e971ce8529
52.3819,9.7379,1654677441139,881adde5-5f36-4952-915d-42e971ce8529
52.38196031524686,9.738087834124421,1654677441181,881adde5-5f36-4952-915d-42e971ce8529
52.38199999999999,9.738073483495704,1654677443107,881adde5-5f36-4952-915d-42e971ce8529
52.38200527446064,9.73820812897818,1654677443110,881adde5-5f36-4952-915d-42e971ce8529
52.382099999999994,9.7383625,1654677443933,881adde5-5f36-4952-915d-42e971ce8529
52.382066692530756,9.738561161986766,1654677444934,881adde5-5f36-4952-915d-42e971ce8529
52.3823,9.738673483495704,1654677445910,881adde5-5f36-4952-915d-42e971ce8529
52.38231771776171,9.738840867133007,1654677446905,881adde5-5f36-4952-915d-42e971ce8529
52.382418750000014,9.738900000000001,1654677447913,881adde5-5f36-4952-915d-42e971ce8529
52.382582431622104,9.738971799929205,1654677449038,881adde5-5f36-4952-915d-42e971ce8529
52.38249450825215,9.738941475243557,1654677449046,881adde5-5f36-4952-915d-42e971ce8529
52.382596771579735,9.739124152502322,1654677449901,881adde5-5f36-4952-915d-42e971ce8529
52.38263750000001,9.73931875,1654677450897,881adde5-5f36-4952-915d-42e971ce8529
52.38275171191597,9.739441202015207,1654677451912,881adde5-5f36-4952-915d-42e971ce8529
52.382667991747866,9.739378975243557,1654677453072,881adde5-5f36-4952-915d-42e971ce8529
52.3828190848822,9.739513849442083,1654677453074,881adde5-5f36-4952-915d-42e971ce8529
52.38288125000001,9.739800000000002,1654677454880,881adde5-5f36-4952-915d-42e971ce8529
52.383019084882214,9.739886150557917,1654677457033,881adde5-5f36-4952-915d-42e971ce8529
52.38296799174786,9.740021024756441,1654677457034,881adde5-5f36-4952-915d-42e971ce8529
52.383151711915964,9.740058797984792,1654677457910,881adde5-5f36-4952-915d-42e971ce8529
52.38313750000001,9.740181250000001,1654677459092,881adde5-5f36-4952-915d-42e971ce8529
52.38319677157975,9.740375847497678,1654677459093,881adde5-5f36-4952-915d-42e971ce8529
52.38319450825216,9.740458524756441,1654677459887,881adde5-5f36-4952-915d-42e971ce8529
52.383382431622096,9.740528200070798,1654677460908,881adde5-5f36-4952-915d-42e971ce8529
52.38331875,9.7406,1654677461880,881adde5-5f36-4952-915d-42e971ce8529
52.38334865055791,9.740818415117802,1654677463893,881adde5-5f36-4952-915d-42e971ce8529
52.38340397524356,9.740941475243556,1654677465901,881adde5-5f36-4952-915d-42e971ce8529
52.38360370201521,9.741114211915963,1654677467905,881adde5-5f36-4952-915d-42e971ce8529
52.38369999999999,9.741256249999998,1654677470892,881adde5-5f36-4952-915d-42e971ce8529
52.383738347497676,9.741340728420262,1654677484908,881adde5-5f36-4952-915d-42e971ce8529
52.383783524756446,9.741378975243558,1654677488917,881adde5-5f36-4952-915d-42e971ce8529
52.3838342999292,9.741544931622094,1654677491006,881adde5-5f36-4952-915d-42e971ce8529
52.38395625,9.741599999999998,1654677491010,881adde5-5f36-4952-915d-42e971ce8529
52.3838342999292,9.741655068377904,1654677493118,881adde5-5f36-4952-915d-42e971ce8529
52.38398352475645,9.74182102475644,1654677493134,881adde5-5f36-4952-915d-42e971ce8529
52.38413834749767,9.741959271579741,1654677494920,881adde5-5f36-4952-915d-42e971ce8529
52.38419999999999,9.742143749999999,1654677496889,881adde5-5f36-4952-915d-42e971ce8529
52.38430370201521,9.742485788084036,1654677498900,881adde5-5f36-4952-915d-42e971ce8529
52.38430397524356,9.742758524756441,1654677500916,881adde5-5f36-4952-915d-42e971ce8529
52.38434865055792,9.742781584882199,1654677503107,881adde5-5f36-4952-915d-42e971ce8529
52.384306249999995,9.742899999999999,1654677503112,881adde5-5f36-4952-915d-42e971ce8529
52.384468582937785,9.7429996651178,1654677503880,881adde5-5f36-4952-915d-42e971ce8529
52.38463200825214,9.74316799174785,1654677506044,881adde5-5f36-4952-915d-42e971ce8529
52.384566564489084,9.743332961915966,1654677506051,881adde5-5f36-4952-915d-42e971ce8529
52.3846625,9.743518749999998,1654677506934,881adde5-5f36-4952-915d-42e971ce8529
52.38463191900661,9.743621978420261,1654677507918,881adde5-5f36-4952-915d-42e971ce8529
52.38480549174785,9.74370549174785,1654677508888,881adde5-5f36-4952-915d-42e971ce8529
52.384782933566505,9.743863681622098,1654677510043,881adde5-5f36-4952-915d-42e971ce8529
52.38489374999999,9.743899999999996,1654677510063,881adde5-5f36-4952-915d-42e971ce8529
52.3848829335665,9.744036318377901,1654677511893,881adde5-5f36-4952-915d-42e971ce8529
52.38500549174785,9.744294508252146,1654677512907,881adde5-5f36-4952-915d-42e971ce8529
52.38493191900661,9.744378021579744,1654677513900,881adde5-5f36-4952-915d-42e971ce8529
52.3850625,9.744381249999998,1654677515148,881adde5-5f36-4952-915d-42e971ce8529
52.38506656448908,9.744467038084036,1654677515151,881adde5-5f36-4952-915d-42e971ce8529
52.38513200825215,9.744732008252143,1654677515908,881adde5-5f36-4952-915d-42e971ce8529
52.38516858293779,9.7447003348822,1654677518154,881adde5-5f36-4952-915d-42e971ce8529
52.38519999999999,9.7449,1654677518158,881adde5-5f36-4952-915d-42e971ce8529
52.38518564937129,9.745159132866995,1654677519907,881adde5-5f36-4952-915d-42e971ce8529
52.3852109834957,9.745189016504298,1654677521014,881adde5-5f36-4952-915d-42e971ce8529
52.38523464548246,9.74533883801324,1654677521016,881adde5-5f36-4952-915d-42e971ce8529
52.385262499999996,9.745637499999999,1654677523093,881adde5-5f36-4952-915d-42e971ce8529
52.385265354517536,9.745591871021828,1654677523098,881adde5-5f36-4952-915d-42e971ce8529
52.3853640165043,9.745964016504296,1654677524896,881adde5-5f36-4952-915d-42e971ce8529
52.38531435062871,9.746112165875582,1654677527058,881adde5-5f36-4952-915d-42e971ce8529
52.385225,9.7462,1654677527063,881adde5-5f36-4952-915d-42e971ce8529
52.38531435062871,9.74638783412442,1654677528899,881adde5-5f36-4952-915d-42e971ce8529
52.385464016504294,9.746435983495708,1654677531039,881adde5-5f36-4952-915d-42e971ce8529
52.385365354517525,9.746708128978177,1654677531043,881adde5-5f36-4952-915d-42e971ce8529
52.3853625,9.7469625,1654677532920,881adde5-5f36-4952-915d-42e971ce8529
52.38543464548247,9.747061161986766,1654677535074,881adde5-5f36-4952-915d-42e971ce8529
52.3854109834957,9.747210983495705,1654677535097,881adde5-5f36-4952-915d-42e971ce8529
52.38538564937128,9.747240867133007,1654677536033,881adde5-5f36-4952-915d-42e971ce8529
52.385437499999995,9.747399999999999,1654677536034,881adde5-5f36-4952-915d-42e971ce8529
52.38547659432097,9.747578139174731,1654677537907,881adde5-5f36-4952-915d-42e971ce8529
52.385492233495704,9.747734283008588,1654677540009,881adde5-5f36-4952-915d-42e971ce8529
52.385488760196544,9.747880993692261,1654677540012,881adde5-5f36-4952-915d-42e971ce8529
52.385425,9.7482375,1654677541886,881adde5-5f36-4952-915d-42e971ce8529
52.385537756307734,9.748170010196556,1654677544055,881adde5-5f36-4952-915d-42e971ce8529
52.385545266504295,9.748471783008588,1654677544057,881adde5-5f36-4952-915d-42e971ce8529
52.385496889174725,9.748742155679023,1654677545910,881adde5-5f36-4952-915d-42e971ce8529
52.38563749999999,9.748899999999999,1654677547904,881adde5-5f36-4952-915d-42e971ce8529
52.38559688917473,9.749157844320976,1654677549900,881adde5-5f36-4952-915d-42e971ce8529
52.38564526650429,9.74942821699141,1654677552105,881adde5-5f36-4952-915d-42e971ce8529
52.38563775630772,9.749529989803444,1654677552125,881adde5-5f36-4952-915d-42e971ce8529
52.38552499999999,9.749562499999998,1654677554063,881adde5-5f36-4952-915d-42e971ce8529
52.38558876019655,9.74961900630774,1654677554067,881adde5-5f36-4952-915d-42e971ce8529
52.3856922334957,9.74976571699141,1654677556893,881adde5-5f36-4952-915d-42e971ce8529
52.38567659432096,9.74992186082527,1654677562016,881adde5-5f36-4952-915d-42e971ce8529
52.385774999999995,9.75,1654677562029,881adde5-5f36-4952-915d-42e971ce8529
52.38568783412442,9.750264016504294,1654677565043,881adde5-5f36-4952-915d-42e971ce8529
52.385737500000005,9.750317049512883,1654677565043,881adde5-5f36-4952-915d-42e971ce8529
52.38569187102183,9.750389016504297,1654677566901,881adde5-5f36-4952-915d-42e971ce8529
52.3857,9.7506375,1654677568910,881adde5-5f36-4952-915d-42e971ce8529
52.38586116198677,9.750810983495708,1654677570906,881adde5-5f36-4952-915d-42e971ce8529
52.38583750000001,9.750942049512885,1654677572908,881adde5-5f36-4952-915d-42e971ce8529
52.385759132867,9.751035983495706,1654677577027,881adde5-5f36-4952-915d-42e971ce8529
52.385875,9.751100000000001,1654677577030,881adde5-5f36-4952-915d-42e971ce8529
52.385759132867,9.751364016504295,1654677647904,881adde5-5f36-4952-915d-42e971ce8529
52.38583750000001,9.751457950487119,1654677653106,881adde5-5f36-4952-915d-42e971ce8529
52.385961161986764,9.751489016504294,1654677653106,881adde5-5f36-4952-915d-42e971ce8529
52.38590000000001,9.751662499999998,1654677714905,881adde5-5f36-4952-915d-42e971ce8529
52.385891871021826,9.751810983495709,1654677721903,881adde5-5f36-4952-915d-42e971ce8529
52.38593750000001,9.751682950487117,1654677724237,881adde5-5f36-4952-915d-42e971ce8529
52.38598783412443,9.751735983495708,1654677724256,881adde5-5f36-4952-915d-42e971ce8529
52.3861,9.7517,1654677725891,881adde5-5f36-4952-915d-42e971ce8529
52.38613788434943,9.75167491075447,1654677728034,881adde5-5f36-4952-915d-42e971ce8529
52.38636950825215,9.751575758252148,1654677728035,881adde5-5f36-4952-915d-42e971ce8529
52.386353976001345,9.751561908810062,1654677728899,881adde5-5f36-4952-915d-42e971ce8529
52.38651874999999,9.751481250000001,1654677729910,881adde5-5f36-4952-915d-42e971ce8529
52.386646023998665,9.75145244181865,1654677730928,881adde5-5f36-4952-915d-42e971ce8529
52.386742991747866,9.751450758252147,1654677732042,881adde5-5f36-4952-915d-42e971ce8529
52.3867621156506,9.751390443763059,1654677732045,881adde5-5f36-4952-915d-42e971ce8529
52.3869375,9.7513,1654677732919,881adde5-5f36-4952-915d-42e971ce8529
52.387062115650586,9.75120955623694,1654677733898,881adde5-5f36-4952-915d-42e971ce8529
52.38714299174786,9.751149241747854,1654677734898,881adde5-5f36-4952-915d-42e971ce8529
52.38714602399867,9.75114755818135,1654677736009,881adde5-5f36-4952-915d-42e971ce8529
52.38721875,9.75111875,1654677736011,881adde5-5f36-4952-915d-42e971ce8529
52.38725397600135,9.751138091189937,1654677736895,881adde5-5f36-4952-915d-42e971ce8529
52.38746950825217,9.751024241747853,1654677737904,881adde5-5f36-4952-915d-42e971ce8529
52.38743788434944,9.751025089245529,1654677738913,881adde5-5f36-4952-915d-42e971ce8529
52.3876,9.750900000000001,1654677739903,881adde5-5f36-4952-915d-42e971ce8529
52.38769127983189,9.750934527887479,1654677740893,881adde5-5f36-4952-915d-42e971ce8529
52.387778975243556,9.75081325825215,1654677741906,881adde5-5f36-4952-915d-42e971ce8529
52.387887076630065,9.750804320796826,1654677742902,881adde5-5f36-4952-915d-42e971ce8529
52.38801875,9.75070625,1654677743899,881adde5-5f36-4952-915d-42e971ce8529
52.388150423369964,9.750779320796827,1654677745027,881adde5-5f36-4952-915d-42e971ce8529
52.38815852475645,9.750713258252146,1654677745031,881adde5-5f36-4952-915d-42e971ce8529
52.38834622016812,9.750659527887477,1654677746929,881adde5-5f36-4952-915d-42e971ce8529
52.3884375,9.750700000000002,1654677748152,881adde5-5f36-4952-915d-42e971ce8529
52.38844622016811,9.75074047211252,1654677748155,881adde5-5f36-4952-915d-42e971ce8529
52.38855852475644,9.750586741747854,1654677749914,881adde5-5f36-4952-915d-42e971ce8529
52.38865042336995,9.750520679203175,1654677753068,881adde5-5f36-4952-915d-42e971ce8529
52.38861874999999,9.75059375,1654677753078,881adde5-5f36-4952-915d-42e971ce8529
52.38868707663006,9.750395679203177,1654677784927,881adde5-5f36-4952-915d-42e971ce8529
52.38877897524357,9.750286741747852,1654677786083,881adde5-5f36-4952-915d-42e971ce8529
52.38879127983189,9.750265472112519,1654677786095,881adde5-5f36-4952-915d-42e971ce8529
52.38890000000001,9.7502,1654677786908,881adde5-5f36-4952-915d-42e971ce8529
52.38899652670086,9.750134901790208,1654677787906,881adde5-5f36-4952-915d-42e971ce8529
52.389118750000016,9.74992821699141,1654677789152,881adde5-5f36-4952-915d-42e971ce8529
52.38905162267043,9.750046555050314,1654677789152,881adde5-5f36-4952-915d-42e971ce8529
52.3892,9.7498625,1654677789905,881adde5-5f36-4952-915d-42e971ce8529
52.389231327816674,9.749745038546019,1654677790907,881adde5-5f36-4952-915d-42e971ce8529
52.389318750000015,9.749765716991414,1654677792045,881adde5-5f36-4952-915d-42e971ce8529
52.38944552281204,9.749783385285916,1654677792047,881adde5-5f36-4952-915d-42e971ce8529
52.38957500000001,9.749600000000001,1654677792900,881adde5-5f36-4952-915d-42e971ce8529
52.389545522812035,9.749516614714086,1654677794054,881adde5-5f36-4952-915d-42e971ce8529
52.38961875000002,9.749534283008586,1654677794062,881adde5-5f36-4952-915d-42e971ce8529
52.389631327816666,9.749454961453985,1654677794892,881adde5-5f36-4952-915d-42e971ce8529
52.389799999999994,9.749337500000001,1654677796891,881adde5-5f36-4952-915d-42e971ce8529
52.389851622670434,9.74915344494969,1654677799065,881adde5-5f36-4952-915d-42e971ce8529
52.38991875000001,9.74927178300859,1654677799067,881adde5-5f36-4952-915d-42e971ce8529
52.389996526700855,9.749065098209794,1654677800920,881adde5-5f36-4952-915d-42e971ce8529
52.3901375,9.749000000000002,1654677803896,881adde5-5f36-4952-915d-42e971ce8529
52.39012903613962,9.749088179677688,1654677807087,881adde5-5f36-4952-915d-42e971ce8529
52.39012272524355,9.749078975243558,1654677807106,881adde5-5f36-4952-915d-42e971ce8529
52.39026367095102,9.749332125847136,1654677809921,881adde5-5f36-4952-915d-42e971ce8529
52.39038124999999,9.749318749999999,1654677812878,881adde5-5f36-4952-915d-42e971ce8529
52.390447312544666,9.749343109342844,1654677815257,881adde5-5f36-4952-915d-42e971ce8529
52.39060227475644,9.749241475243558,1654677815309,881adde5-5f36-4952-915d-42e971ce8529
52.390834980364666,9.74942416317339,1654677817912,881adde5-5f36-4952-915d-42e971ce8529
52.39090000000001,9.749400000000001,1654677819924,881adde5-5f36-4952-915d-42e971ce8529
52.39103498036466,9.749475836826608,1654677821939,881adde5-5f36-4952-915d-42e971ce8529
52.39120227475643,9.74955852475644,1654677825100,881adde5-5f36-4952-915d-42e971ce8529
52.39114731254467,9.749456890657157,1654677825146,881adde5-5f36-4952-915d-42e971ce8529
52.39108125,9.74978125,1654677827900,881adde5-5f36-4952-915d-42e971ce8529
52.39106367095101,9.750067874152863,1654677829896,881adde5-5f36-4952-915d-42e971ce8529
52.39092272524355,9.750321024756442,1654677831889,881adde5-5f36-4952-915d-42e971ce8529
52.39102903613962,9.750411820322313,1654677833904,881adde5-5f36-4952-915d-42e971ce8529
52.39096000000001,9.750700000000002,1654677835892,881adde5-5f36-4952-915d-42e971ce8529
52.390954270509816,9.750803506775615,1654677838902,881adde5-5f36-4952-915d-42e971ce8529
52.39089781152949,9.750971468304511,1654677844907,881adde5-5f36-4952-915d-42e971ce8529
52.39092072949017,9.751399065925765,1654677850017,881adde5-5f36-4952-915d-42e971ce8529
52.39079718847051,9.75138236644243,1654677850043,881adde5-5f36-4952-915d-42e971ce8529
52.39079999999999,9.7515,1654677855893,881adde5-5f36-4952-915d-42e971ce8529
52.39069718847051,9.751717633557568,1654677857942,881adde5-5f36-4952-915d-42e971ce8529
52.39082072949016,9.751700934074236,1654677859924,881adde5-5f36-4952-915d-42e971ce8529
52.39089781152949,9.75202853169549,1654677862896,881adde5-5f36-4952-915d-42e971ce8529
52.39095427050983,9.752296493224385,1654677865916,881adde5-5f36-4952-915d-42e971ce8529
