latitude,longitude,trip_timestamp,trip_id
52.391,9.7521,1654676108948,881adde5-5f36-4952-915d-42e971ce8529
52.3909,9.752,1654676145902,881adde5-5f36-4952-915d-42e971ce8529
52.3908,9.7519,1654676149867,881adde5-5f36-4952-915d-42e971ce8529
52.3908,9.7518,1654676153903,881adde5-5f36-4952-915d-42e971ce8529
52.3907,9.7516,1654676157892,881adde5-5f36-4952-915d-42e971ce8529
52.3907,9.7515,1654676167911,881adde5-5f36-4952-915d-42e971ce8529
52.3906,9.7513,1654676172880,881adde5-5f36-4952-915d-42e971ce8529
52.3905,9.7512,1654676176915,881adde5-5f36-4952-915d-42e971ce8529
52.3905,9.751,1654676179898,881adde5-5f36-4952-915d-42e971ce8529
52.3904,9.7509,1654676181898,881adde5-5f36-4952-915d-42e971ce8529
52.3904,9.7507,1654676183928,881adde5-5f36-4952-915d-42e971ce8529
52.3904,9.7505,1654676185898,881adde5-5f36-4952-915d-42e971ce8529
52.3903,9.7504,1654676187916,881adde5-5f36-4952-915d-42e971ce8529
52.3909,9.751,1654676190310,881adde5-5f36-4952-915d-42e971ce8529
52.3911,9.75,1654676190314,881adde5-5f36-4952-915d-42e971ce8529
52.3912,9.7498,1654676192124,881adde5-5f36-4952-915d-42e971ce8529
52.3911,9.7498,1654676192130,881adde5-5f36-4952-915d-42e971ce8529
52.3911,9.7497,1654676194889,881adde5-5f36-4952-915d-42e971ce8529
52.3909,9.751,1654676200008,881adde5-5f36-4952-915d-42e971ce8529
52.3911,9.7495,1654676200015,881adde5-5f36-4952-915d-42e971ce8529
52.3912,9.7495,1654676203963,881adde5-5f36-4952-915d-42e971ce8529
52.3912,9.7495,1654676203984,881adde5-5f36-4952-915d-42e971ce8529
52.3913,9.7495,1654676206886,881adde5-5f36-4952-915d-42e971ce8529
52.3914,9.7496,1654676209902,881adde5-5f36-4952-915d-42e971ce8529
52.3915,9.7496,1654676211892,881adde5-5f36-4952-915d-42e971ce8529
52.3917,9.7496,1654676214861,881adde5-5f36-4952-915d-42e971ce8529
52.3918,9.7497,1654676217891,881adde5-5f36-4952-915d-42e971ce8529
52.3919,9.7497,1654676220897,881adde5-5f36-4952-915d-42e971ce8529
52.392,9.7497,1654676223891,881adde5-5f36-4952-915d-42e971ce8529
52.3921,9.7498,1654676226888,881adde5-5f36-4952-915d-42e971ce8529
52.3921,9.7498,1654676230898,881adde5-5f36-4952-915d-42e971ce8529
52.3922,9.7499,1654676235922,881adde5-5f36-4952-915d-42e971ce8529
52.3923,9.7498,1654676238904,881adde5-5f36-4952-915d-42e971ce8529
52.3924,9.7499,1654676244894,881adde5-5f36-4952-915d-42e971ce8529
52.3925,9.7499,1654676252897,881adde5-5f36-4952-915d-42e971ce8529
52.3925,9.7499,1654676255111,881adde5-5f36-4952-915d-42e971ce8529
52.3925,9.7497,1654676255115,881adde5-5f36-4952-915d-42e971ce8529
52.3925,9.7496,1654676255893,881adde5-5f36-4952-915d-42e971ce8529
52.3925,9.7494,1654676256876,881adde5-5f36-4952-915d-42e971ce8529
52.3925,9.7491,1654676257902,881adde5-5f36-4952-915d-42e971ce8529
52.3925,9.7489,1654676258894,881adde5-5f36-4952-915d-42e971ce8529
52.3925,9.7487,1654676259889,881adde5-5f36-4952-915d-42e971ce8529
52.3925,9.7485,1654676261060,881adde5-5f36-4952-915d-42e971ce8529
52.3925,9.7487,1654676261060,881adde5-5f36-4952-915d-42e971ce8529
52.3926,9.7484,1654676261903,881adde5-5f36-4952-915d-42e971ce8529
52.3926,9.7482,1654676262889,881adde5-5f36-4952-915d-42e971ce8529
52.3926,9.748,1654676263899,881adde5-5f36-4952-915d-42e971ce8529
52.3926,9.7479,1654676264882,881adde5-5f36-4952-915d-42e971ce8529
52.3926,9.7476,1654676266891,881adde5-5f36-4952-915d-42e971ce8529
52.3926,9.7473,1654676268893,881adde5-5f36-4952-915d-42e971ce8529
52.3926,9.7472,1654676270871,881adde5-5f36-4952-915d-42e971ce8529
52.3926,9.747,1654676307893,881adde5-5f36-4952-915d-42e971ce8529
52.3926,9.7469,1654676311901,881adde5-5f36-4952-915d-42e971ce8529
52.3926,9.7467,1654676320894,881adde5-5f36-4952-915d-42e971ce8529
52.3926,9.7467,1654676323153,881adde5-5f36-4952-915d-42e971ce8529
52.3926,9.7466,1654676323156,881adde5-5f36-4952-915d-42e971ce8529
52.3928,9.7465,1654676324874,881adde5-5f36-4952-915d-42e971ce8529
52.3928,9.7464,1654676326039,881adde5-5f36-4952-915d-42e971ce8529
52.3929,9.7464,1654676326040,881adde5-5f36-4952-915d-42e971ce8529
52.393,9.7462,1654676326947,881adde5-5f36-4952-915d-42e971ce8529
52.3931,9.7462,1654676328054,881adde5-5f36-4952-915d-42e971ce8529
52.3932,9.7461,1654676328058,881adde5-5f36-4952-915d-42e971ce8529
52.3932,9.7461,1654676329034,881adde5-5f36-4952-915d-42e971ce8529
52.3933,9.746,1654676329046,881adde5-5f36-4952-915d-42e971ce8529
52.3934,9.7459,1654676329899,881adde5-5f36-4952-915d-42e971ce8529
52.3935,9.7458,1654676330898,881adde5-5f36-4952-915d-42e971ce8529
52.3935,9.7457,1654676331883,881adde5-5f36-4952-915d-42e971ce8529
52.3936,9.7457,1654676332903,881adde5-5f36-4952-915d-42e971ce8529
52.3936,9.7457,1654676334114,881adde5-5f36-4952-915d-42e971ce8529
52.3937,9.7456,1654676334115,881adde5-5f36-4952-915d-42e971ce8529
52.3939,9.7455,1654676334900,881adde5-5f36-4952-915d-42e971ce8529
52.394,9.7454,1654676335885,881adde5-5f36-4952-915d-42e971ce8529
52.3941,9.7453,1654676336896,881adde5-5f36-4952-915d-42e971ce8529
52.3942,9.7452,1654676337907,881adde5-5f36-4952-915d-42e971ce8529
52.3943,9.7451,1654676338885,881adde5-5f36-4952-915d-42e971ce8529
52.3943,9.7451,1654676340142,881adde5-5f36-4952-915d-42e971ce8529
52.3944,9.745,1654676340148,881adde5-5f36-4952-915d-42e971ce8529
52.3945,9.7449,1654676340932,881adde5-5f36-4952-915d-42e971ce8529
52.3945,9.7449,1654676342011,881adde5-5f36-4952-915d-42e971ce8529
52.3946,9.7448,1654676342012,881adde5-5f36-4952-915d-42e971ce8529
52.3947,9.7447,1654676342900,881adde5-5f36-4952-915d-42e971ce8529
52.3948,9.7447,1654676345050,881adde5-5f36-4952-915d-42e971ce8529
52.3949,9.7446,1654676345051,881adde5-5f36-4952-915d-42e971ce8529
52.395,9.7444,1654676345893,881adde5-5f36-4952-915d-42e971ce8529
52.3951,9.7444,1654676348128,881adde5-5f36-4952-915d-42e971ce8529
52.3952,9.7443,1654676348134,881adde5-5f36-4952-915d-42e971ce8529
52.3953,9.7442,1654676348894,881adde5-5f36-4952-915d-42e971ce8529
52.3954,9.7442,1654676350011,881adde5-5f36-4952-915d-42e971ce8529
52.3954,9.7441,1654676350018,881adde5-5f36-4952-915d-42e971ce8529
52.3955,9.744,1654676350894,881adde5-5f36-4952-915d-42e971ce8529
52.3956,9.7439,1654676351901,881adde5-5f36-4952-915d-42e971ce8529
52.3957,9.7438,1654676352887,881adde5-5f36-4952-915d-42e971ce8529
52.3958,9.7438,1654676354078,881adde5-5f36-4952-915d-42e971ce8529
52.3958,9.7437,1654676354098,881adde5-5f36-4952-915d-42e971ce8529
52.3959,9.7436,1654676354878,881adde5-5f36-4952-915d-42e971ce8529
52.396,9.7435,1654676355880,881adde5-5f36-4952-915d-42e971ce8529
52.3961,9.7434,1654676356874,881adde5-5f36-4952-915d-42e971ce8529
52.3962,9.7433,1654676357911,881adde5-5f36-4952-915d-42e971ce8529
52.3963,9.7432,1654676358894,881adde5-5f36-4952-915d-42e971ce8529
52.3964,9.7432,1654676360000,881adde5-5f36-4952-915d-42e971ce8529
52.3964,9.7431,1654676360003,881adde5-5f36-4952-915d-42e971ce8529
52.3965,9.743,1654676360897,881adde5-5f36-4952-915d-42e971ce8529
52.3966,9.743,1654676362014,881adde5-5f36-4952-915d-42e971ce8529
52.3967,9.7429,1654676362019,881adde5-5f36-4952-915d-42e971ce8529
52.3968,9.7428,1654676362894,881adde5-5f36-4952-915d-42e971ce8529
52.3969,9.7427,1654676363896,881adde5-5f36-4952-915d-42e971ce8529
52.397,9.7426,1654676364893,881adde5-5f36-4952-915d-42e971ce8529
52.397,9.7425,1654676365891,881adde5-5f36-4952-915d-42e971ce8529
52.3971,9.7424,1654676366889,881adde5-5f36-4952-915d-42e971ce8529
52.3972,9.7424,1654676367899,881adde5-5f36-4952-915d-42e971ce8529
52.3973,9.7423,1654676368890,881adde5-5f36-4952-915d-42e971ce8529
52.3974,9.7422,1654676370886,881adde5-5f36-4952-915d-42e971ce8529
52.3975,9.7421,1654676372908,881adde5-5f36-4952-915d-42e971ce8529
52.3976,9.742,1654676375898,881adde5-5f36-4952-915d-42e971ce8529
52.3976,9.742,1654676379010,881adde5-5f36-4952-915d-42e971ce8529
52.3977,9.742,1654676379018,881adde5-5f36-4952-915d-42e971ce8529
52.3977,9.742,1654676397074,881adde5-5f36-4952-915d-42e971ce8529
52.3978,9.7419,1654676397074,881adde5-5f36-4952-915d-42e971ce8529
52.3979,9.7419,1654676399899,881adde5-5f36-4952-915d-42e971ce8529
52.398,9.7419,1654676402005,881adde5-5f36-4952-915d-42e971ce8529
52.3981,9.7418,1654676402006,881adde5-5f36-4952-915d-42e971ce8529
52.3982,9.7418,1654676403917,881adde5-5f36-4952-915d-42e971ce8529
52.3982,9.7418,1654676406067,881adde5-5f36-4952-915d-42e971ce8529
52.3983,9.7418,1654676406067,881adde5-5f36-4952-915d-42e971ce8529
52.3984,9.7418,1654676407902,881adde5-5f36-4952-915d-42e971ce8529
52.3985,9.7417,1654676410870,881adde5-5f36-4952-915d-42e971ce8529
52.3985,9.7417,1654676414115,881adde5-5f36-4952-915d-42e971ce8529
52.3986,9.7415,1654676414127,881adde5-5f36-4952-915d-42e971ce8529
52.3986,9.7414,1654676420892,881adde5-5f36-4952-915d-42e971ce8529
52.3986,9.7411,1654676422896,881adde5-5f36-4952-915d-42e971ce8529
52.3986,9.741,1654676423895,881adde5-5f36-4952-915d-42e971ce8529
52.3986,9.741,1654676426082,881adde5-5f36-4952-915d-42e971ce8529
52.3986,9.7408,1654676426085,881adde5-5f36-4952-915d-42e971ce8529
52.3986,9.7408,1654676427046,881adde5-5f36-4952-915d-42e971ce8529
52.3986,9.7406,1654676427051,881adde5-5f36-4952-915d-42e971ce8529
52.3987,9.7404,1654676429002,881adde5-5f36-4952-915d-42e971ce8529
52.3987,9.7403,1654676429007,881adde5-5f36-4952-915d-42e971ce8529
52.3987,9.7402,1654676429897,881adde5-5f36-4952-915d-42e971ce8529
52.3987,9.74,1654676430909,881adde5-5f36-4952-915d-42e971ce8529
52.3987,9.7398,1654676431897,881adde5-5f36-4952-915d-42e971ce8529
52.3988,9.7397,1654676432892,881adde5-5f36-4952-915d-42e971ce8529
52.3988,9.7395,1654676433895,881adde5-5f36-4952-915d-42e971ce8529
52.3988,9.7394,1654676434886,881adde5-5f36-4952-915d-42e971ce8529
52.3988,9.7392,1654676435907,881adde5-5f36-4952-915d-42e971ce8529
52.3989,9.7391,1654676436876,881adde5-5f36-4952-915d-42e971ce8529
52.3989,9.7389,1654676437889,881adde5-5f36-4952-915d-42e971ce8529
52.3989,9.7389,1654676439009,881adde5-5f36-4952-915d-42e971ce8529
52.3989,9.7387,1654676439015,881adde5-5f36-4952-915d-42e971ce8529
52.3989,9.7386,1654676439890,881adde5-5f36-4952-915d-42e971ce8529
52.3989,9.7384,1654676440890,881adde5-5f36-4952-915d-42e971ce8529
52.399,9.7383,1654676441893,881adde5-5f36-4952-915d-42e971ce8529
52.399,9.7381,1654676442895,881adde5-5f36-4952-915d-42e971ce8529
52.399,9.7379,1654676443894,881adde5-5f36-4952-915d-42e971ce8529
52.3991,9.7376,1654676444898,881adde5-5f36-4952-915d-42e971ce8529
52.3991,9.7376,1654676446017,881adde5-5f36-4952-915d-42e971ce8529
52.3991,9.7374,1654676446024,881adde5-5f36-4952-915d-42e971ce8529
52.3991,9.7372,1654676447009,881adde5-5f36-4952-915d-42e971ce8529
52.3991,9.7372,1654676447024,881adde5-5f36-4952-915d-42e971ce8529
52.3991,9.737,1654676447902,881adde5-5f36-4952-915d-42e971ce8529
52.3992,9.7368,1654676448880,881adde5-5f36-4952-915d-42e971ce8529
52.3992,9.7367,1654676450033,881adde5-5f36-4952-915d-42e971ce8529
52.3992,9.7366,1654676450037,881adde5-5f36-4952-915d-42e971ce8529
52.3992,9.7364,1654676450911,881adde5-5f36-4952-915d-42e971ce8529
52.3992,9.7362,1654676451892,881adde5-5f36-4952-915d-42e971ce8529
52.3992,9.7361,1654676453002,881adde5-5f36-4952-915d-42e971ce8529
52.3992,9.736,1654676453057,881adde5-5f36-4952-915d-42e971ce8529
52.3993,9.7359,1654676453896,881adde5-5f36-4952-915d-42e971ce8529
52.3993,9.7358,1654676455046,881adde5-5f36-4952-915d-42e971ce8529
52.3993,9.7357,1654676455071,881adde5-5f36-4952-915d-42e971ce8529
52.3993,9.7356,1654676455896,881adde5-5f36-4952-915d-42e971ce8529
52.3993,9.7353,1654676457030,881adde5-5f36-4952-915d-42e971ce8529
52.3993,9.7355,1654676457030,881adde5-5f36-4952-915d-42e971ce8529
52.3993,9.7352,1654676458167,881adde5-5f36-4952-915d-42e971ce8529
52.3993,9.7351,1654676458177,881adde5-5f36-4952-915d-42e971ce8529
52.3992,9.7349,1654676458892,881adde5-5f36-4952-915d-42e971ce8529
52.3992,9.7347,1654676459892,881adde5-5f36-4952-915d-42e971ce8529
52.3992,9.7346,1654676460892,881adde5-5f36-4952-915d-42e971ce8529
52.3992,9.7344,1654676461894,881adde5-5f36-4952-915d-42e971ce8529
52.3991,9.7342,1654676463900,881adde5-5f36-4952-915d-42e971ce8529
52.3991,9.734,1654676466895,881adde5-5f36-4952-915d-42e971ce8529
52.399,9.7338,1654676469886,881adde5-5f36-4952-915d-42e971ce8529
52.399,9.7336,1654676480036,881adde5-5f36-4952-915d-42e971ce8529
52.399,9.7337,1654676480036,881adde5-5f36-4952-915d-42e971ce8529
52.3989,9.7334,1654676481897,881adde5-5f36-4952-915d-42e971ce8529
52.3989,9.7333,1654676483891,881adde5-5f36-4952-915d-42e971ce8529
52.3988,9.7331,1654676485897,881adde5-5f36-4952-915d-42e971ce8529
52.3988,9.7329,1654676487889,881adde5-5f36-4952-915d-42e971ce8529
52.3987,9.7327,1654676489909,881adde5-5f36-4952-915d-42e971ce8529
52.3987,9.7326,1654676490912,881adde5-5f36-4952-915d-42e971ce8529
52.3986,9.7323,1654676492897,881adde5-5f36-4952-915d-42e971ce8529
52.3986,9.7321,1654676494885,881adde5-5f36-4952-915d-42e971ce8529
52.3985,9.7318,1654676496896,881adde5-5f36-4952-915d-42e971ce8529
52.3985,9.7316,1654676499010,881adde5-5f36-4952-915d-42e971ce8529
52.3985,9.7317,1654676499010,881adde5-5f36-4952-915d-42e971ce8529
52.3984,9.7314,1654676500910,881adde5-5f36-4952-915d-42e971ce8529
52.3984,9.7312,1654676502885,881adde5-5f36-4952-915d-42e971ce8529
52.3984,9.7312,1654676505065,881adde5-5f36-4952-915d-42e971ce8529
52.3984,9.731,1654676505067,881adde5-5f36-4952-915d-42e971ce8529
52.3983,9.7308,1654676506904,881adde5-5f36-4952-915d-42e971ce8529
52.3983,9.7306,1654676509899,881adde5-5f36-4952-915d-42e971ce8529
52.3983,9.7304,1654676512889,881adde5-5f36-4952-915d-42e971ce8529
52.3983,9.7303,1654676517895,881adde5-5f36-4952-915d-42e971ce8529
52.3983,9.7301,1654676521010,881adde5-5f36-4952-915d-42e971ce8529
52.3982,9.73,1654676521011,881adde5-5f36-4952-915d-42e971ce8529
52.3982,9.7298,1654676522895,881adde5-5f36-4952-915d-42e971ce8529
52.3982,9.7298,1654676525116,881adde5-5f36-4952-915d-42e971ce8529
52.3982,9.7296,1654676525126,881adde5-5f36-4952-915d-42e971ce8529
52.3982,9.7293,1654676526885,881adde5-5f36-4952-915d-42e971ce8529
52.3982,9.7291,1654676529008,881adde5-5f36-4952-915d-42e971ce8529
52.3981,9.729,1654676529009,881adde5-5f36-4952-915d-42e971ce8529
52.3981,9.7288,1654676530898,881adde5-5f36-4952-915d-42e971ce8529
52.3981,9.7285,1654676532896,881adde5-5f36-4952-915d-42e971ce8529
52.3981,9.7283,1654676534904,881adde5-5f36-4952-915d-42e971ce8529
52.3981,9.7281,1654676535884,881adde5-5f36-4952-915d-42e971ce8529
52.398,9.728,1654676536870,881adde5-5f36-4952-915d-42e971ce8529
52.398,9.7279,1654676538012,881adde5-5f36-4952-915d-42e971ce8529
52.398,9.7278,1654676538016,881adde5-5f36-4952-915d-42e971ce8529
52.398,9.7276,1654676538872,881adde5-5f36-4952-915d-42e971ce8529
52.398,9.7274,1654676539885,881adde5-5f36-4952-915d-42e971ce8529
52.398,9.7273,1654676540882,881adde5-5f36-4952-915d-42e971ce8529
52.398,9.7271,1654676541879,881adde5-5f36-4952-915d-42e971ce8529
52.3979,9.727,1654676542893,881adde5-5f36-4952-915d-42e971ce8529
52.3979,9.7268,1654676543865,881adde5-5f36-4952-915d-42e971ce8529
52.3979,9.7266,1654676544886,881adde5-5f36-4952-915d-42e971ce8529
52.3979,9.7266,1654676546064,881adde5-5f36-4952-915d-42e971ce8529
52.3979,9.7265,1654676546068,881adde5-5f36-4952-915d-42e971ce8529
52.3979,9.7263,1654676546892,881adde5-5f36-4952-915d-42e971ce8529
52.3978,9.7261,1654676548897,881adde5-5f36-4952-915d-42e971ce8529
52.3978,9.726,1654676595039,881adde5-5f36-4952-915d-42e971ce8529
52.3978,9.7259,1654676595079,881adde5-5f36-4952-915d-42e971ce8529
52.3978,9.7256,1654676596895,881adde5-5f36-4952-915d-42e971ce8529
52.3978,9.7256,1654676597999,881adde5-5f36-4952-915d-42e971ce8529
52.3978,9.7254,1654676598005,881adde5-5f36-4952-915d-42e971ce8529
52.3977,9.7252,1654676598908,881adde5-5f36-4952-915d-42e971ce8529
52.3977,9.725,1654676599889,881adde5-5f36-4952-915d-42e971ce8529
52.3977,9.7249,1654676601028,881adde5-5f36-4952-915d-42e971ce8529
52.3977,9.7248,1654676601030,881adde5-5f36-4952-915d-42e971ce8529
52.3977,9.7246,1654676601934,881adde5-5f36-4952-915d-42e971ce8529
52.3977,9.7244,1654676602891,881adde5-5f36-4952-915d-42e971ce8529
52.3977,9.7243,1654676603947,881adde5-5f36-4952-915d-42e971ce8529
52.3976,9.7241,1654676604879,881adde5-5f36-4952-915d-42e971ce8529
52.3976,9.7239,1654676605890,881adde5-5f36-4952-915d-42e971ce8529
52.3976,9.7237,1654676607009,881adde5-5f36-4952-915d-42e971ce8529
52.3976,9.7239,1654676607009,881adde5-5f36-4952-915d-42e971ce8529
52.3976,9.7235,1654676607896,881adde5-5f36-4952-915d-42e971ce8529
52.3976,9.7233,1654676608904,881adde5-5f36-4952-915d-42e971ce8529
52.3975,9.7232,1654676609886,881adde5-5f36-4952-915d-42e971ce8529
52.3975,9.723,1654676610893,881adde5-5f36-4952-915d-42e971ce8529
52.3975,9.7228,1654676611893,881adde5-5f36-4952-915d-42e971ce8529
52.3975,9.7226,1654676613907,881adde5-5f36-4952-915d-42e971ce8529
52.3975,9.7224,1654676616048,881adde5-5f36-4952-915d-42e971ce8529
52.3975,9.7226,1654676616048,881adde5-5f36-4952-915d-42e971ce8529
52.3975,9.7223,1654676617037,881adde5-5f36-4952-915d-42e971ce8529
52.3974,9.7222,1654676617054,881adde5-5f36-4952-915d-42e971ce8529
52.3974,9.7221,1654676618095,881adde5-5f36-4952-915d-42e971ce8529
52.3974,9.722,1654676618104,881adde5-5f36-4952-915d-42e971ce8529
52.3974,9.7218,1654676618923,881adde5-5f36-4952-915d-42e971ce8529
52.3974,9.7217,1654676619900,881adde5-5f36-4952-915d-42e971ce8529
52.3975,9.7215,1654676620950,881adde5-5f36-4952-915d-42e971ce8529
52.3975,9.7215,1654676623116,881adde5-5f36-4952-915d-42e971ce8529
52.3975,9.7213,1654676623119,881adde5-5f36-4952-915d-42e971ce8529
52.3976,9.7211,1654676624898,881adde5-5f36-4952-915d-42e971ce8529
52.3976,9.7209,1654676626891,881adde5-5f36-4952-915d-42e971ce8529
52.3975,9.7206,1654676629072,881adde5-5f36-4952-915d-42e971ce8529
52.3974,9.7206,1654676629086,881adde5-5f36-4952-915d-42e971ce8529
52.3974,9.7204,1654676631053,881adde5-5f36-4952-915d-42e971ce8529
52.3973,9.7204,1654676631060,881adde5-5f36-4952-915d-42e971ce8529
52.3972,9.7202,1654676632914,881adde5-5f36-4952-915d-42e971ce8529
52.3972,9.7201,1654676634002,881adde5-5f36-4952-915d-42e971ce8529
52.3971,9.72,1654676634011,881adde5-5f36-4952-915d-42e971ce8529
52.3971,9.7199,1654676634882,881adde5-5f36-4952-915d-42e971ce8529
52.3971,9.7199,1654676636083,881adde5-5f36-4952-915d-42e971ce8529
52.397,9.7197,1654676636084,881adde5-5f36-4952-915d-42e971ce8529
52.3969,9.7196,1654676636888,881adde5-5f36-4952-915d-42e971ce8529
52.3969,9.7195,1654676637894,881adde5-5f36-4952-915d-42e971ce8529
52.3968,9.7193,1654676638914,881adde5-5f36-4952-915d-42e971ce8529
52.3968,9.7192,1654676640021,881adde5-5f36-4952-915d-42e971ce8529
52.3967,9.7192,1654676640028,881adde5-5f36-4952-915d-42e971ce8529
52.3967,9.719,1654676640896,881adde5-5f36-4952-915d-42e971ce8529
52.3967,9.719,1654676642016,881adde5-5f36-4952-915d-42e971ce8529
52.3966,9.7189,1654676642019,881adde5-5f36-4952-915d-42e971ce8529
52.3966,9.7188,1654676642894,881adde5-5f36-4952-915d-42e971ce8529
52.3965,9.7187,1654676643893,881adde5-5f36-4952-915d-42e971ce8529
52.3964,9.7184,1654676645897,881adde5-5f36-4952-915d-42e971ce8529
52.3964,9.7183,1654676648057,881adde5-5f36-4952-915d-42e971ce8529
52.3963,9.7182,1654676648064,881adde5-5f36-4952-915d-42e971ce8529
52.3962,9.718,1654676649894,881adde5-5f36-4952-915d-42e971ce8529
52.3962,9.7179,1654676696884,881adde5-5f36-4952-915d-42e971ce8529
52.3962,9.7179,1654676698992,881adde5-5f36-4952-915d-42e971ce8529
52.3961,9.7178,1654676698994,881adde5-5f36-4952-915d-42e971ce8529
52.3961,9.7176,1654676700886,881adde5-5f36-4952-915d-42e971ce8529
52.3961,9.7176,1654676703053,881adde5-5f36-4952-915d-42e971ce8529
52.396,9.7175,1654676703060,881adde5-5f36-4952-915d-42e971ce8529
52.396,9.7174,1654676705176,881adde5-5f36-4952-915d-42e971ce8529
52.3959,9.7175,1654676705203,881adde5-5f36-4952-915d-42e971ce8529
52.3957,9.7176,1654676706919,881adde5-5f36-4952-915d-42e971ce8529
52.3956,9.7176,1654676707890,881adde5-5f36-4952-915d-42e971ce8529
52.3956,9.7176,1654676709142,881adde5-5f36-4952-915d-42e971ce8529
52.3955,9.7177,1654676709148,881adde5-5f36-4952-915d-42e971ce8529
52.3954,9.7177,1654676710141,881adde5-5f36-4952-915d-42e971ce8529
52.3953,9.7177,1654676710146,881adde5-5f36-4952-915d-42e971ce8529
52.3952,9.7178,1654676711029,881adde5-5f36-4952-915d-42e971ce8529
52.3952,9.7178,1654676711056,881adde5-5f36-4952-915d-42e971ce8529
52.3951,9.7178,1654676711900,881adde5-5f36-4952-915d-42e971ce8529
52.395,9.7179,1654676713023,881adde5-5f36-4952-915d-42e971ce8529
52.3949,9.7179,1654676713058,881adde5-5f36-4952-915d-42e971ce8529
52.3948,9.7179,1654676713898,881adde5-5f36-4952-915d-42e971ce8529
52.3947,9.718,1654676714906,881adde5-5f36-4952-915d-42e971ce8529
52.3945,9.718,1654676715900,881adde5-5f36-4952-915d-42e971ce8529
52.3944,9.7181,1654676717084,881adde5-5f36-4952-915d-42e971ce8529
52.3945,9.7181,1654676717084,881adde5-5f36-4952-915d-42e971ce8529
52.3944,9.7181,1654676718008,881adde5-5f36-4952-915d-42e971ce8529
52.3943,9.7181,1654676718011,881adde5-5f36-4952-915d-42e971ce8529
52.3942,9.7182,1654676718892,881adde5-5f36-4952-915d-42e971ce8529
52.3941,9.7183,1654676719898,881adde5-5f36-4952-915d-42e971ce8529
52.3939,9.7183,1654676720899,881adde5-5f36-4952-915d-42e971ce8529
52.3938,9.7184,1654676721891,881adde5-5f36-4952-915d-42e971ce8529
52.3937,9.7185,1654676722895,881adde5-5f36-4952-915d-42e971ce8529
52.3936,9.7185,1654676724013,881adde5-5f36-4952-915d-42e971ce8529
52.3937,9.7185,1654676724013,881adde5-5f36-4952-915d-42e971ce8529
52.3935,9.7186,1654676725128,881adde5-5f36-4952-915d-42e971ce8529
52.3935,9.7186,1654676725128,881adde5-5f36-4952-915d-42e971ce8529
52.3934,9.7187,1654676726021,881adde5-5f36-4952-915d-42e971ce8529
52.3935,9.7186,1654676726021,881adde5-5f36-4952-915d-42e971ce8529
52.3933,9.7188,1654676726889,881adde5-5f36-4952-915d-42e971ce8529
52.3932,9.7189,1654676727893,881adde5-5f36-4952-915d-42e971ce8529
52.393,9.7189,1654676728894,881adde5-5f36-4952-915d-42e971ce8529
52.3929,9.719,1654676729899,881adde5-5f36-4952-915d-42e971ce8529
52.3928,9.7191,1654676732112,881adde5-5f36-4952-915d-42e971ce8529
52.3928,9.7192,1654676732123,881adde5-5f36-4952-915d-42e971ce8529
52.3927,9.7192,1654676732923,881adde5-5f36-4952-915d-42e971ce8529
52.3926,9.7193,1654676733898,881adde5-5f36-4952-915d-42e971ce8529
52.3925,9.7194,1654676734886,881adde5-5f36-4952-915d-42e971ce8529
52.3924,9.7195,1654676735882,881adde5-5f36-4952-915d-42e971ce8529
52.3923,9.7195,1654676737057,881adde5-5f36-4952-915d-42e971ce8529
52.3923,9.7196,1654676737062,881adde5-5f36-4952-915d-42e971ce8529
52.3922,9.7197,1654676738908,881adde5-5f36-4952-915d-42e971ce8529
52.3921,9.7198,1654676739900,881adde5-5f36-4952-915d-42e971ce8529
52.392,9.7199,1654676741904,881adde5-5f36-4952-915d-42e971ce8529
52.3919,9.7199,1654676743904,881adde5-5f36-4952-915d-42e971ce8529
52.3918,9.72,1654676819030,881adde5-5f36-4952-915d-42e971ce8529
52.3918,9.72,1654676819030,881adde5-5f36-4952-915d-42e971ce8529
52.3917,9.7201,1654676820893,881adde5-5f36-4952-915d-42e971ce8529
52.3916,9.7202,1654676822887,881adde5-5f36-4952-915d-42e971ce8529
52.3915,9.7203,1654676824900,881adde5-5f36-4952-915d-42e971ce8529
52.3914,9.7203,1654676827149,881adde5-5f36-4952-915d-42e971ce8529
52.3914,9.7205,1654676827160,881adde5-5f36-4952-915d-42e971ce8529
52.3914,9.7207,1654676827931,881adde5-5f36-4952-915d-42e971ce8529
52.3915,9.7211,1654676829894,881adde5-5f36-4952-915d-42e971ce8529
52.3915,9.7212,1654676831070,881adde5-5f36-4952-915d-42e971ce8529
52.3915,9.7213,1654676831072,881adde5-5f36-4952-915d-42e971ce8529
52.3916,9.7215,1654676831889,881adde5-5f36-4952-915d-42e971ce8529
52.3916,9.7215,1654676833032,881adde5-5f36-4952-915d-42e971ce8529
52.3916,9.7217,1654676833034,881adde5-5f36-4952-915d-42e971ce8529
52.3917,9.7219,1654676834103,881adde5-5f36-4952-915d-42e971ce8529
52.3917,9.722,1654676834104,881adde5-5f36-4952-915d-42e971ce8529
52.3917,9.7221,1654676834899,881adde5-5f36-4952-915d-42e971ce8529
52.3918,9.7223,1654676835899,881adde5-5f36-4952-915d-42e971ce8529
52.3918,9.7225,1654676836905,881adde5-5f36-4952-915d-42e971ce8529
52.3919,9.7226,1654676840105,881adde5-5f36-4952-915d-42e971ce8529
52.3918,9.7227,1654676840124,881adde5-5f36-4952-915d-42e971ce8529
52.3918,9.7228,1654676840888,881adde5-5f36-4952-915d-42e971ce8529
52.3917,9.723,1654676841909,881adde5-5f36-4952-915d-42e971ce8529
52.3916,9.7231,1654676842902,881adde5-5f36-4952-915d-42e971ce8529
52.3915,9.7233,1654676843882,881adde5-5f36-4952-915d-42e971ce8529
52.3914,9.7234,1654676844905,881adde5-5f36-4952-915d-42e971ce8529
52.3914,9.7236,1654676845901,881adde5-5f36-4952-915d-42e971ce8529
52.3912,9.7237,1654676846899,881adde5-5f36-4952-915d-42e971ce8529
52.3911,9.7238,1654676847870,881adde5-5f36-4952-915d-42e971ce8529
52.3911,9.7238,1654676849093,881adde5-5f36-4952-915d-42e971ce8529
52.391,9.7239,1654676849100,881adde5-5f36-4952-915d-42e971ce8529
52.3909,9.724,1654676850030,881adde5-5f36-4952-915d-42e971ce8529
52.391,9.724,1654676850030,881adde5-5f36-4952-915d-42e971ce8529
52.3908,9.7242,1654676851088,881adde5-5f36-4952-915d-42e971ce8529
52.3908,9.7242,1654676851089,881adde5-5f36-4952-915d-42e971ce8529
52.3907,9.7243,1654676851882,881adde5-5f36-4952-915d-42e971ce8529
52.3906,9.7244,1654676853019,881adde5-5f36-4952-915d-42e971ce8529
52.3906,9.7244,1654676853020,881adde5-5f36-4952-915d-42e971ce8529
52.3905,9.7245,1654676853904,881adde5-5f36-4952-915d-42e971ce8529
52.3904,9.7245,1654676854894,881adde5-5f36-4952-915d-42e971ce8529
52.3903,9.7246,1654676855896,881adde5-5f36-4952-915d-42e971ce8529
52.3902,9.7247,1654676857018,881adde5-5f36-4952-915d-42e971ce8529
52.3902,9.7247,1654676857030,881adde5-5f36-4952-915d-42e971ce8529
52.3901,9.7248,1654676857910,881adde5-5f36-4952-915d-42e971ce8529
52.3899,9.7249,1654676859902,881adde5-5f36-4952-915d-42e971ce8529
52.3898,9.725,1654676861893,881adde5-5f36-4952-915d-42e971ce8529
52.3897,9.7251,1654676864888,881adde5-5f36-4952-915d-42e971ce8529
52.3897,9.7251,1654676868062,881adde5-5f36-4952-915d-42e971ce8529
52.3896,9.7251,1654676868071,881adde5-5f36-4952-915d-42e971ce8529
52.3895,9.7252,1654676871896,881adde5-5f36-4952-915d-42e971ce8529
52.3894,9.7252,1654676875890,881adde5-5f36-4952-915d-42e971ce8529
52.3893,9.7253,1654676912887,881adde5-5f36-4952-915d-42e971ce8529
52.3893,9.7253,1654676916112,881adde5-5f36-4952-915d-42e971ce8529
52.3892,9.7253,1654676916116,881adde5-5f36-4952-915d-42e971ce8529
52.3891,9.7254,1654676917893,881adde5-5f36-4952-915d-42e971ce8529
52.389,9.7255,1654676919905,881adde5-5f36-4952-915d-42e971ce8529
52.3888,9.7256,1654676921923,881adde5-5f36-4952-915d-42e971ce8529
52.3887,9.7257,1654676923896,881adde5-5f36-4952-915d-42e971ce8529
52.3887,9.7257,1654676925094,881adde5-5f36-4952-915d-42e971ce8529
52.3886,9.7258,1654676925097,881adde5-5f36-4952-915d-42e971ce8529
52.3886,9.7259,1654676925902,881adde5-5f36-4952-915d-42e971ce8529
52.3884,9.7261,1654676927906,881adde5-5f36-4952-915d-42e971ce8529
52.3884,9.7262,1654676929902,881adde5-5f36-4952-915d-42e971ce8529
52.3883,9.7263,1654676932068,881adde5-5f36-4952-915d-42e971ce8529
52.3883,9.7264,1654676932084,881adde5-5f36-4952-915d-42e971ce8529
52.3883,9.7263,1654676933053,881adde5-5f36-4952-915d-42e971ce8529
52.3884,9.7264,1654676933072,881adde5-5f36-4952-915d-42e971ce8529
52.3885,9.7265,1654676935033,881adde5-5f36-4952-915d-42e971ce8529
52.3885,9.7265,1654676935033,881adde5-5f36-4952-915d-42e971ce8529
52.3886,9.7267,1654676935887,881adde5-5f36-4952-915d-42e971ce8529
52.3887,9.7268,1654676936896,881adde5-5f36-4952-915d-42e971ce8529
52.3888,9.7269,1654676938086,881adde5-5f36-4952-915d-42e971ce8529
52.3889,9.727,1654676938087,881adde5-5f36-4952-915d-42e971ce8529
52.389,9.7271,1654676938886,881adde5-5f36-4952-915d-42e971ce8529
52.3891,9.7272,1654676939895,881adde5-5f36-4952-915d-42e971ce8529
52.3892,9.7274,1654676941056,881adde5-5f36-4952-915d-42e971ce8529
52.3892,9.7274,1654676941056,881adde5-5f36-4952-915d-42e971ce8529
52.3893,9.7275,1654676941920,881adde5-5f36-4952-915d-42e971ce8529
52.3894,9.7276,1654676942901,881adde5-5f36-4952-915d-42e971ce8529
52.3894,9.7277,1654676943868,881adde5-5f36-4952-915d-42e971ce8529
52.3896,9.7279,1654676944885,881adde5-5f36-4952-915d-42e971ce8529
52.3897,9.728,1654676946045,881adde5-5f36-4952-915d-42e971ce8529
52.3897,9.728,1654676946047,881adde5-5f36-4952-915d-42e971ce8529
52.3897,9.7281,1654676946885,881adde5-5f36-4952-915d-42e971ce8529
52.3898,9.7282,1654676948029,881adde5-5f36-4952-915d-42e971ce8529
52.3898,9.7283,1654676948033,881adde5-5f36-4952-915d-42e971ce8529
52.3899,9.7284,1654676948888,881adde5-5f36-4952-915d-42e971ce8529
52.39,9.7284,1654676950027,881adde5-5f36-4952-915d-42e971ce8529
52.39,9.7285,1654676950030,881adde5-5f36-4952-915d-42e971ce8529
52.3901,9.7287,1654676951900,881adde5-5f36-4952-915d-42e971ce8529
52.3902,9.7288,1654676953896,881adde5-5f36-4952-915d-42e971ce8529
52.3903,9.7289,1654676955894,881adde5-5f36-4952-915d-42e971ce8529
52.3904,9.7291,1654676958902,881adde5-5f36-4952-915d-42e971ce8529
52.3905,9.7292,1654676960909,881adde5-5f36-4952-915d-42e971ce8529
52.3906,9.7293,1654676963027,881adde5-5f36-4952-915d-42e971ce8529
52.3906,9.7293,1654676963028,881adde5-5f36-4952-915d-42e971ce8529
52.3907,9.7295,1654676964887,881adde5-5f36-4952-915d-42e971ce8529
52.3908,9.7296,1654676966882,881adde5-5f36-4952-915d-42e971ce8529
52.3909,9.7298,1654676968898,881adde5-5f36-4952-915d-42e971ce8529
52.391,9.7299,1654676970904,881adde5-5f36-4952-915d-42e971ce8529
52.391,9.73,1654676974003,881adde5-5f36-4952-915d-42e971ce8529
52.391,9.73,1654676974003,881adde5-5f36-4952-915d-42e971ce8529
52.3911,9.7302,1654676980903,881adde5-5f36-4952-915d-42e971ce8529
52.3911,9.7303,1654676982906,881adde5-5f36-4952-915d-42e971ce8529
52.3912,9.7305,1654676985892,881adde5-5f36-4952-915d-42e971ce8529
52.3912,9.7306,1654676988048,881adde5-5f36-4952-915d-42e971ce8529
52.3912,9.7307,1654676988061,881adde5-5f36-4952-915d-42e971ce8529
52.3913,9.7309,1654676988888,881adde5-5f36-4952-915d-42e971ce8529
52.3913,9.731,1654676989889,881adde5-5f36-4952-915d-42e971ce8529
52.3914,9.7312,1654676990888,881adde5-5f36-4952-915d-42e971ce8529
52.3914,9.7314,1654676991889,881adde5-5f36-4952-915d-42e971ce8529
52.3914,9.7316,1654676992893,881adde5-5f36-4952-915d-42e971ce8529
52.3915,9.7318,1654676993909,881adde5-5f36-4952-915d-42e971ce8529
52.3915,9.7319,1654676994902,881adde5-5f36-4952-915d-42e971ce8529
52.3915,9.7321,1654676996890,881adde5-5f36-4952-915d-42e971ce8529
52.3916,9.7322,1654677000011,881adde5-5f36-4952-915d-42e971ce8529
52.3916,9.7323,1654677000013,881adde5-5f36-4952-915d-42e971ce8529
52.3917,9.7325,1654677001917,881adde5-5f36-4952-915d-42e971ce8529
52.3918,9.7326,1654677002894,881adde5-5f36-4952-915d-42e971ce8529
52.3919,9.7327,1654677003885,881adde5-5f36-4952-915d-42e971ce8529
52.3919,9.7328,1654677004888,881adde5-5f36-4952-915d-42e971ce8529
52.3921,9.733,1654677006872,881adde5-5f36-4952-915d-42e971ce8529
52.3921,9.7331,1654677008884,881adde5-5f36-4952-915d-42e971ce8529
52.3922,9.7332,1654677013898,881adde5-5f36-4952-915d-42e971ce8529
52.3922,9.7332,1654677017039,881adde5-5f36-4952-915d-42e971ce8529
52.3921,9.7334,1654677017045,881adde5-5f36-4952-915d-42e971ce8529
52.392,9.7335,1654677018892,881adde5-5f36-4952-915d-42e971ce8529
52.392,9.7337,1654677020904,881adde5-5f36-4952-915d-42e971ce8529
52.3919,9.7338,1654677022896,881adde5-5f36-4952-915d-42e971ce8529
52.3919,9.7339,1654677024878,881adde5-5f36-4952-915d-42e971ce8529
52.3918,9.734,1654677026895,881adde5-5f36-4952-915d-42e971ce8529
52.3917,9.7341,1654677028891,881adde5-5f36-4952-915d-42e971ce8529
52.3917,9.7342,1654677032894,881adde5-5f36-4952-915d-42e971ce8529
52.3916,9.7344,1654677071902,881adde5-5f36-4952-915d-42e971ce8529
52.3915,9.7345,1654677074878,881adde5-5f36-4952-915d-42e971ce8529
52.3915,9.7346,1654677077100,881adde5-5f36-4952-915d-42e971ce8529
52.3915,9.7346,1654677077134,881adde5-5f36-4952-915d-42e971ce8529
52.3912,9.7345,1654677078918,881adde5-5f36-4952-915d-42e971ce8529
52.3912,9.7345,1654677080102,881adde5-5f36-4952-915d-42e971ce8529
52.3911,9.7345,1654677080111,881adde5-5f36-4952-915d-42e971ce8529
52.391,9.7345,1654677080906,881adde5-5f36-4952-915d-42e971ce8529
52.3909,9.7345,1654677081922,881adde5-5f36-4952-915d-42e971ce8529
52.3907,9.7345,1654677082977,881adde5-5f36-4952-915d-42e971ce8529
52.3906,9.7345,1654677083911,881adde5-5f36-4952-915d-42e971ce8529
52.3905,9.7344,1654677084891,881adde5-5f36-4952-915d-42e971ce8529
52.3904,9.7344,1654677085911,881adde5-5f36-4952-915d-42e971ce8529
52.3902,9.7344,1654677086891,881adde5-5f36-4952-915d-42e971ce8529
52.3901,9.7344,1654677087900,881adde5-5f36-4952-915d-42e971ce8529
52.39,9.7344,1654677088907,881adde5-5f36-4952-915d-42e971ce8529
52.3899,9.7344,1654677089894,881adde5-5f36-4952-915d-42e971ce8529
52.3898,9.7344,1654677090886,881adde5-5f36-4952-915d-42e971ce8529
52.3896,9.7344,1654677091895,881adde5-5f36-4952-915d-42e971ce8529
52.3896,9.7344,1654677093019,881adde5-5f36-4952-915d-42e971ce8529
52.3895,9.7343,1654677093020,881adde5-5f36-4952-915d-42e971ce8529
52.3894,9.7343,1654677093914,881adde5-5f36-4952-915d-42e971ce8529
52.3893,9.7343,1654677096069,881adde5-5f36-4952-915d-42e971ce8529
52.3893,9.7343,1654677096085,881adde5-5f36-4952-915d-42e971ce8529
52.3892,9.7343,1654677097914,881adde5-5f36-4952-915d-42e971ce8529
52.3891,9.7343,1654677135043,881adde5-5f36-4952-915d-42e971ce8529
52.3892,9.7343,1654677135043,881adde5-5f36-4952-915d-42e971ce8529
52.3889,9.7342,1654677136895,881adde5-5f36-4952-915d-42e971ce8529
52.3887,9.7342,1654677137909,881adde5-5f36-4952-915d-42e971ce8529
52.3886,9.7342,1654677138881,881adde5-5f36-4952-915d-42e971ce8529
52.3885,9.7342,1654677140050,881adde5-5f36-4952-915d-42e971ce8529
52.3885,9.7342,1654677140056,881adde5-5f36-4952-915d-42e971ce8529
52.3884,9.7341,1654677140892,881adde5-5f36-4952-915d-42e971ce8529
52.3882,9.7341,1654677141885,881adde5-5f36-4952-915d-42e971ce8529
52.3881,9.7341,1654677142907,881adde5-5f36-4952-915d-42e971ce8529
52.388,9.7341,1654677144070,881adde5-5f36-4952-915d-42e971ce8529
52.3881,9.7341,1654677144070,881adde5-5f36-4952-915d-42e971ce8529
52.3879,9.7341,1654677144877,881adde5-5f36-4952-915d-42e971ce8529
52.3878,9.7341,1654677146021,881adde5-5f36-4952-915d-42e971ce8529
52.3878,9.7341,1654677146021,881adde5-5f36-4952-915d-42e971ce8529
52.3877,9.734,1654677146896,881adde5-5f36-4952-915d-42e971ce8529
52.3876,9.734,1654677148893,881adde5-5f36-4952-915d-42e971ce8529
52.3875,9.734,1654677152088,881adde5-5f36-4952-915d-42e971ce8529
52.3874,9.734,1654677152089,881adde5-5f36-4952-915d-42e971ce8529
52.3873,9.734,1654677153901,881adde5-5f36-4952-915d-42e971ce8529
52.3872,9.734,1654677155899,881adde5-5f36-4952-915d-42e971ce8529
52.3872,9.734,1654677157002,881adde5-5f36-4952-915d-42e971ce8529
52.387,9.7339,1654677157010,881adde5-5f36-4952-915d-42e971ce8529
52.3869,9.7339,1654677157897,881adde5-5f36-4952-915d-42e971ce8529
52.3868,9.7339,1654677158910,881adde5-5f36-4952-915d-42e971ce8529
52.3867,9.7339,1654677160087,881adde5-5f36-4952-915d-42e971ce8529
52.3866,9.7339,1654677160092,881adde5-5f36-4952-915d-42e971ce8529
52.3865,9.7339,1654677160895,881adde5-5f36-4952-915d-42e971ce8529
52.3864,9.7338,1654677161903,881adde5-5f36-4952-915d-42e971ce8529
52.3862,9.7338,1654677162898,881adde5-5f36-4952-915d-42e971ce8529
52.3861,9.7338,1654677163903,881adde5-5f36-4952-915d-42e971ce8529
52.3859,9.7337,1654677164912,881adde5-5f36-4952-915d-42e971ce8529
52.3858,9.7337,1654677165895,881adde5-5f36-4952-915d-42e971ce8529
52.3857,9.7337,1654677166887,881adde5-5f36-4952-915d-42e971ce8529
52.3857,9.7337,1654677168027,881adde5-5f36-4952-915d-42e971ce8529
52.3856,9.7337,1654677168031,881adde5-5f36-4952-915d-42e971ce8529
52.3855,9.7336,1654677168898,881adde5-5f36-4952-915d-42e971ce8529
52.3853,9.7336,1654677169891,881adde5-5f36-4952-915d-42e971ce8529
52.3853,9.7336,1654677171044,881adde5-5f36-4952-915d-42e971ce8529
52.3853,9.7336,1654677171055,881adde5-5f36-4952-915d-42e971ce8529
52.3851,9.7336,1654677172900,881adde5-5f36-4952-915d-42e971ce8529
52.385,9.7336,1654677174892,881adde5-5f36-4952-915d-42e971ce8529
52.385,9.7336,1654677180140,881adde5-5f36-4952-915d-42e971ce8529
52.3849,9.7335,1654677180153,881adde5-5f36-4952-915d-42e971ce8529
52.3848,9.7335,1654677181913,881adde5-5f36-4952-915d-42e971ce8529
52.385,9.7336,1654677184094,881adde5-5f36-4952-915d-42e971ce8529
52.3847,9.7337,1654677184117,881adde5-5f36-4952-915d-42e971ce8529
52.3846,9.7338,1654677186087,881adde5-5f36-4952-915d-42e971ce8529
52.3846,9.7338,1654677186102,881adde5-5f36-4952-915d-42e971ce8529
52.3845,9.734,1654677187910,881adde5-5f36-4952-915d-42e971ce8529
52.3844,9.7342,1654677189918,881adde5-5f36-4952-915d-42e971ce8529
52.3843,9.7344,1654677190899,881adde5-5f36-4952-915d-42e971ce8529
52.3843,9.7345,1654677192050,881adde5-5f36-4952-915d-42e971ce8529
52.3843,9.7346,1654677192052,881adde5-5f36-4952-915d-42e971ce8529
52.3843,9.7347,1654677192928,881adde5-5f36-4952-915d-42e971ce8529
52.3842,9.7349,1654677193871,881adde5-5f36-4952-915d-42e971ce8529
52.3841,9.7351,1654677195906,881adde5-5f36-4952-915d-42e971ce8529
52.3841,9.7351,1654677198142,881adde5-5f36-4952-915d-42e971ce8529
52.3841,9.7352,1654677198151,881adde5-5f36-4952-915d-42e971ce8529
52.384,9.7354,1654677200910,881adde5-5f36-4952-915d-42e971ce8529
52.3839,9.7356,1654677203904,881adde5-5f36-4952-915d-42e971ce8529
52.3839,9.7358,1654677239984,881adde5-5f36-4952-915d-42e971ce8529
52.3839,9.7358,1654677239990,881adde5-5f36-4952-915d-42e971ce8529
52.3838,9.7359,1654677241893,881adde5-5f36-4952-915d-42e971ce8529
52.3838,9.7359,1654677244018,881adde5-5f36-4952-915d-42e971ce8529
52.3837,9.7361,1654677244029,881adde5-5f36-4952-915d-42e971ce8529
52.3836,9.7362,1654677245893,881adde5-5f36-4952-915d-42e971ce8529
52.3835,9.7363,1654677247904,881adde5-5f36-4952-915d-42e971ce8529
52.3834,9.7364,1654677249901,881adde5-5f36-4952-915d-42e971ce8529
52.3833,9.7365,1654677272931,881adde5-5f36-4952-915d-42e971ce8529
52.3832,9.7366,1654677274883,881adde5-5f36-4952-915d-42e971ce8529
52.3831,9.7366,1654677276878,881adde5-5f36-4952-915d-42e971ce8529
52.383,9.7367,1654677278877,881adde5-5f36-4952-915d-42e971ce8529
52.3829,9.7368,1654677280887,881adde5-5f36-4952-915d-42e971ce8529
52.3828,9.7369,1654677283036,881adde5-5f36-4952-915d-42e971ce8529
52.3828,9.7369,1654677283042,881adde5-5f36-4952-915d-42e971ce8529
52.3827,9.737,1654677284907,881adde5-5f36-4952-915d-42e971ce8529
52.3826,9.7371,1654677286893,881adde5-5f36-4952-915d-42e971ce8529
52.3825,9.7372,1654677288894,881adde5-5f36-4952-915d-42e971ce8529
52.3824,9.7373,1654677291914,881adde5-5f36-4952-915d-42e971ce8529
52.3823,9.7374,1654677349902,881adde5-5f36-4952-915d-42e971ce8529
52.3822,9.7375,1654677352895,881adde5-5f36-4952-915d-42e971ce8529
52.3821,9.7376,1654677435070,881adde5-5f36-4952-915d-42e971ce8529
52.3821,9.7376,1654677435080,881adde5-5f36-4952-915d-42e971ce8529
52.382,9.7377,1654677436951,881adde5-5f36-4952-915d-42e971ce8529
52.382,9.7378,1654677438899,881adde5-5f36-4952-915d-42e971ce8529
52.3819,9.7379,1654677441139,881adde5-5f36-4952-915d-42e971ce8529
52.382,9.7381,1654677441181,881adde5-5f36-4952-915d-42e971ce8529
52.382,9.7381,1654677443107,881adde5-5f36-4952-915d-42e971ce8529
52.382,9.7382,1654677443110,881adde5-5f36-4952-915d-42e971ce8529
52.3821,9.7384,1654677443933,881adde5-5f36-4952-915d-42e971ce8529
52.3822,9.7385,1654677444934,881adde5-5f36-4952-915d-42e971ce8529
52.3823,9.7387,1654677445910,881adde5-5f36-4952-915d-42e971ce8529
52.3823,9.7388,1654677446905,881adde5-5f36-4952-915d-42e971ce8529
52.3824,9.7389,1654677447913,881adde5-5f36-4952-915d-42e971ce8529
52.3825,9.739,1654677449038,881adde5-5f36-4952-915d-42e971ce8529
52.3825,9.739,1654677449046,881adde5-5f36-4952-915d-42e971ce8529
52.3826,9.7392,1654677449901,881adde5-5f36-4952-915d-42e971ce8529
52.3826,9.7393,1654677450897,881adde5-5f36-4952-915d-42e971ce8529
52.3827,9.7394,1654677451912,881adde5-5f36-4952-915d-42e971ce8529
52.3827,9.7394,1654677453072,881adde5-5f36-4952-915d-42e971ce8529
52.3828,9.7395,1654677453074,881adde5-5f36-4952-915d-42e971ce8529
52.3829,9.7398,1654677454880,881adde5-5f36-4952-915d-42e971ce8529
52.383,9.7399,1654677457033,881adde5-5f36-4952-915d-42e971ce8529
52.383,9.74,1654677457034,881adde5-5f36-4952-915d-42e971ce8529
52.3831,9.7401,1654677457910,881adde5-5f36-4952-915d-42e971ce8529
52.3831,9.7402,1654677459092,881adde5-5f36-4952-915d-42e971ce8529
52.3832,9.7403,1654677459093,881adde5-5f36-4952-915d-42e971ce8529
52.3832,9.7404,1654677459887,881adde5-5f36-4952-915d-42e971ce8529
52.3833,9.7405,1654677460908,881adde5-5f36-4952-915d-42e971ce8529
52.3833,9.7406,1654677461880,881adde5-5f36-4952-915d-42e971ce8529
52.3834,9.7408,1654677463893,881adde5-5f36-4952-915d-42e971ce8529
52.3835,9.741,1654677465901,881adde5-5f36-4952-915d-42e971ce8529
52.3836,9.7411,1654677467905,881adde5-5f36-4952-915d-42e971ce8529
52.3837,9.7412,1654677470892,881adde5-5f36-4952-915d-42e971ce8529
52.3837,9.7413,1654677484908,881adde5-5f36-4952-915d-42e971ce8529
52.3838,9.7414,1654677488917,881adde5-5f36-4952-915d-42e971ce8529
52.3839,9.7415,1654677491006,881adde5-5f36-4952-915d-42e971ce8529
52.3839,9.7416,1654677491010,881adde5-5f36-4952-915d-42e971ce8529
52.3839,9.7417,1654677493118,881adde5-5f36-4952-915d-42e971ce8529
52.384,9.7418,1654677493134,881adde5-5f36-4952-915d-42e971ce8529
52.3841,9.742,1654677494920,881adde5-5f36-4952-915d-42e971ce8529
52.3842,9.7422,1654677496889,881adde5-5f36-4952-915d-42e971ce8529
52.3843,9.7425,1654677498900,881adde5-5f36-4952-915d-42e971ce8529
52.3844,9.7427,1654677500916,881adde5-5f36-4952-915d-42e971ce8529
52.3844,9.7428,1654677503107,881adde5-5f36-4952-915d-42e971ce8529
52.3844,9.7429,1654677503112,881adde5-5f36-4952-915d-42e971ce8529
52.3845,9.743,1654677503880,881adde5-5f36-4952-915d-42e971ce8529
52.3846,9.7432,1654677506044,881adde5-5f36-4952-915d-42e971ce8529
52.3846,9.7433,1654677506051,881adde5-5f36-4952-915d-42e971ce8529
52.3847,9.7435,1654677506934,881adde5-5f36-4952-915d-42e971ce8529
52.3847,9.7436,1654677507918,881adde5-5f36-4952-915d-42e971ce8529
52.3848,9.7437,1654677508888,881adde5-5f36-4952-915d-42e971ce8529
52.3848,9.7438,1654677510043,881adde5-5f36-4952-915d-42e971ce8529
52.3848,9.7439,1654677510063,881adde5-5f36-4952-915d-42e971ce8529
52.3849,9.7441,1654677511893,881adde5-5f36-4952-915d-42e971ce8529
52.385,9.7443,1654677512907,881adde5-5f36-4952-915d-42e971ce8529
52.385,9.7444,1654677513900,881adde5-5f36-4952-915d-42e971ce8529
52.3851,9.7444,1654677515148,881adde5-5f36-4952-915d-42e971ce8529
52.3851,9.7445,1654677515151,881adde5-5f36-4952-915d-42e971ce8529
52.3851,9.7447,1654677515908,881adde5-5f36-4952-915d-42e971ce8529
52.3852,9.7447,1654677518154,881adde5-5f36-4952-915d-42e971ce8529
52.3852,9.7449,1654677518158,881adde5-5f36-4952-915d-42e971ce8529
52.3852,9.7452,1654677519907,881adde5-5f36-4952-915d-42e971ce8529
52.3852,9.7452,1654677521014,881adde5-5f36-4952-915d-42e971ce8529
52.3852,9.7454,1654677521016,881adde5-5f36-4952-915d-42e971ce8529
52.3853,9.7456,1654677523093,881adde5-5f36-4952-915d-42e971ce8529
52.3853,9.7456,1654677523098,881adde5-5f36-4952-915d-42e971ce8529
52.3853,9.7459,1654677524896,881adde5-5f36-4952-915d-42e971ce8529
52.3853,9.7461,1654677527058,881adde5-5f36-4952-915d-42e971ce8529
52.3853,9.7462,1654677527063,881adde5-5f36-4952-915d-42e971ce8529
52.3853,9.7464,1654677528899,881adde5-5f36-4952-915d-42e971ce8529
52.3854,9.7465,1654677531039,881adde5-5f36-4952-915d-42e971ce8529
52.3854,9.7467,1654677531043,881adde5-5f36-4952-915d-42e971ce8529
52.3854,9.747,1654677532920,881adde5-5f36-4952-915d-42e971ce8529
52.3854,9.747,1654677535074,881adde5-5f36-4952-915d-42e971ce8529
52.3854,9.7472,1654677535097,881adde5-5f36-4952-915d-42e971ce8529
52.3854,9.7472,1654677536033,881adde5-5f36-4952-915d-42e971ce8529
52.3854,9.7474,1654677536034,881adde5-5f36-4952-915d-42e971ce8529
52.3855,9.7476,1654677537907,881adde5-5f36-4952-915d-42e971ce8529
52.3855,9.7477,1654677540009,881adde5-5f36-4952-915d-42e971ce8529
52.3855,9.7479,1654677540012,881adde5-5f36-4952-915d-42e971ce8529
52.3855,9.7482,1654677541886,881adde5-5f36-4952-915d-42e971ce8529
52.3855,9.7482,1654677544055,881adde5-5f36-4952-915d-42e971ce8529
52.3855,9.7484,1654677544057,881adde5-5f36-4952-915d-42e971ce8529
52.3855,9.7487,1654677545910,881adde5-5f36-4952-915d-42e971ce8529
52.3856,9.7489,1654677547904,881adde5-5f36-4952-915d-42e971ce8529
52.3856,9.7492,1654677549900,881adde5-5f36-4952-915d-42e971ce8529
52.3856,9.7495,1654677552105,881adde5-5f36-4952-915d-42e971ce8529
52.3856,9.7495,1654677552125,881adde5-5f36-4952-915d-42e971ce8529
52.3856,9.7496,1654677554063,881adde5-5f36-4952-915d-42e971ce8529
52.3856,9.7496,1654677554067,881adde5-5f36-4952-915d-42e971ce8529
52.3857,9.7498,1654677556893,881adde5-5f36-4952-915d-42e971ce8529
52.3857,9.7499,1654677562016,881adde5-5f36-4952-915d-42e971ce8529
52.3857,9.75,1654677562029,881adde5-5f36-4952-915d-42e971ce8529
52.3857,9.7502,1654677565043,881adde5-5f36-4952-915d-42e971ce8529
52.3857,9.7502,1654677565043,881adde5-5f36-4952-915d-42e971ce8529
52.3857,9.7504,1654677566901,881adde5-5f36-4952-915d-42e971ce8529
52.3857,9.7506,1654677568910,881adde5-5f36-4952-915d-42e971ce8529
52.3858,9.7508,1654677570906,881adde5-5f36-4952-915d-42e971ce8529
52.3858,9.7509,1654677572908,881adde5-5f36-4952-915d-42e971ce8529
52.3858,9.7511,1654677577027,881adde5-5f36-4952-915d-42e971ce8529
52.3858,9.7511,1654677577030,881adde5-5f36-4952-915d-42e971ce8529
52.3858,9.7513,1654677647904,881adde5-5f36-4952-915d-42e971ce8529
52.3858,9.7515,1654677653106,881adde5-5f36-4952-915d-42e971ce8529
52.3859,9.7515,1654677653106,881adde5-5f36-4952-915d-42e971ce8529
52.3859,9.7517,1654677714905,881adde5-5f36-4952-915d-42e971ce8529
52.3859,9.7518,1654677721903,881adde5-5f36-4952-915d-42e971ce8529
52.3859,9.7518,1654677724237,881adde5-5f36-4952-915d-42e971ce8529
52.386,9.7518,1654677724256,881adde5-5f36-4952-915d-42e971ce8529
52.3861,9.7517,1654677725891,881adde5-5f36-4952-915d-42e971ce8529
52.3862,9.7517,1654677728034,881adde5-5f36-4952-915d-42e971ce8529
52.3863,9.7516,1654677728035,881adde5-5f36-4952-915d-42e971ce8529
52.3864,9.7516,1654677728899,881adde5-5f36-4952-915d-42e971ce8529
52.3865,9.7515,1654677729910,881adde5-5f36-4952-915d-42e971ce8529
52.3866,9.7514,1654677730928,881adde5-5f36-4952-915d-42e971ce8529
52.3867,9.7514,1654677732042,881adde5-5f36-4952-915d-42e971ce8529
52.3867,9.7514,1654677732045,881adde5-5f36-4952-915d-42e971ce8529
52.3869,9.7513,1654677732919,881adde5-5f36-4952-915d-42e971ce8529
52.387,9.7512,1654677733898,881adde5-5f36-4952-915d-42e971ce8529
52.3871,9.7512,1654677734898,881adde5-5f36-4952-915d-42e971ce8529
52.3871,9.7512,1654677736009,881adde5-5f36-4952-915d-42e971ce8529
52.3872,9.7511,1654677736011,881adde5-5f36-4952-915d-42e971ce8529
52.3873,9.7511,1654677736895,881adde5-5f36-4952-915d-42e971ce8529
52.3874,9.751,1654677737904,881adde5-5f36-4952-915d-42e971ce8529
52.3875,9.751,1654677738913,881adde5-5f36-4952-915d-42e971ce8529
52.3876,9.7509,1654677739903,881adde5-5f36-4952-915d-42e971ce8529
52.3877,9.7509,1654677740893,881adde5-5f36-4952-915d-42e971ce8529
52.3878,9.7508,1654677741906,881adde5-5f36-4952-915d-42e971ce8529
52.3879,9.7508,1654677742902,881adde5-5f36-4952-915d-42e971ce8529
52.388,9.7508,1654677743899,881adde5-5f36-4952-915d-42e971ce8529
52.3881,9.7507,1654677745027,881adde5-5f36-4952-915d-42e971ce8529
52.3881,9.7507,1654677745031,881adde5-5f36-4952-915d-42e971ce8529
52.3883,9.7507,1654677746929,881adde5-5f36-4952-915d-42e971ce8529
52.3884,9.7507,1654677748152,881adde5-5f36-4952-915d-42e971ce8529
52.3884,9.7507,1654677748155,881adde5-5f36-4952-915d-42e971ce8529
52.3885,9.7506,1654677749914,881adde5-5f36-4952-915d-42e971ce8529
52.3886,9.7506,1654677753068,881adde5-5f36-4952-915d-42e971ce8529
52.3886,9.7505,1654677753078,881adde5-5f36-4952-915d-42e971ce8529
52.3887,9.7504,1654677784927,881adde5-5f36-4952-915d-42e971ce8529
52.3888,9.7503,1654677786083,881adde5-5f36-4952-915d-42e971ce8529
52.3888,9.7503,1654677786095,881adde5-5f36-4952-915d-42e971ce8529
52.3889,9.7502,1654677786908,881adde5-5f36-4952-915d-42e971ce8529
52.389,9.7501,1654677787906,881adde5-5f36-4952-915d-42e971ce8529
52.3891,9.75,1654677789152,881adde5-5f36-4952-915d-42e971ce8529
52.3891,9.75,1654677789152,881adde5-5f36-4952-915d-42e971ce8529
52.3892,9.7499,1654677789905,881adde5-5f36-4952-915d-42e971ce8529
52.3893,9.7498,1654677790907,881adde5-5f36-4952-915d-42e971ce8529
52.3893,9.7498,1654677792045,881adde5-5f36-4952-915d-42e971ce8529
52.3894,9.7497,1654677792047,881adde5-5f36-4952-915d-42e971ce8529
52.3895,9.7496,1654677792900,881adde5-5f36-4952-915d-42e971ce8529
52.3895,9.7496,1654677794054,881adde5-5f36-4952-915d-42e971ce8529
52.3896,9.7495,1654677794062,881adde5-5f36-4952-915d-42e971ce8529
52.3897,9.7494,1654677794892,881adde5-5f36-4952-915d-42e971ce8529
52.3898,9.7493,1654677796891,881adde5-5f36-4952-915d-42e971ce8529
52.3899,9.7492,1654677799065,881adde5-5f36-4952-915d-42e971ce8529
52.3899,9.7492,1654677799067,881adde5-5f36-4952-915d-42e971ce8529
52.39,9.7491,1654677800920,881adde5-5f36-4952-915d-42e971ce8529
52.3901,9.749,1654677803896,881adde5-5f36-4952-915d-42e971ce8529
52.3901,9.749,1654677807087,881adde5-5f36-4952-915d-42e971ce8529
52.3902,9.7491,1654677807106,881adde5-5f36-4952-915d-42e971ce8529
52.3903,9.7493,1654677809921,881adde5-5f36-4952-915d-42e971ce8529
52.3904,9.7493,1654677812878,881adde5-5f36-4952-915d-42e971ce8529
52.3904,9.7493,1654677815257,881adde5-5f36-4952-915d-42e971ce8529
52.3906,9.7493,1654677815309,881adde5-5f36-4952-915d-42e971ce8529
52.3908,9.7494,1654677817912,881adde5-5f36-4952-915d-42e971ce8529
52.3909,9.7494,1654677819924,881adde5-5f36-4952-915d-42e971ce8529
52.391,9.7495,1654677821939,881adde5-5f36-4952-915d-42e971ce8529
52.3912,9.7495,1654677825100,881adde5-5f36-4952-915d-42e971ce8529
52.3911,9.7495,1654677825146,881adde5-5f36-4952-915d-42e971ce8529
52.3911,9.7498,1654677827900,881adde5-5f36-4952-915d-42e971ce8529
52.3911,9.7501,1654677829896,881adde5-5f36-4952-915d-42e971ce8529
52.391,9.7503,1654677831889,881adde5-5f36-4952-915d-42e971ce8529
52.391,9.7505,1654677833904,881adde5-5f36-4952-915d-42e971ce8529
52.3909,9.7507,1654677835892,881adde5-5f36-4952-915d-42e971ce8529
52.3909,9.7509,1654677838902,881adde5-5f36-4952-915d-42e971ce8529
52.3909,9.751,1654677844907,881adde5-5f36-4952-915d-42e971ce8529
52.3909,9.7513,1654677850017,881adde5-5f36-4952-915d-42e971ce8529
52.3909,9.7514,1654677850043,881adde5-5f36-4952-915d-42e971ce8529
52.3908,9.7515,1654677855893,881adde5-5f36-4952-915d-42e971ce8529
52.3908,9.7517,1654677857942,881adde5-5f36-4952-915d-42e971ce8529
52.3908,9.7518,1654677859924,881adde5-5f36-4952-915d-42e971ce8529
52.3909,9.752,1654677862896,881adde5-5f36-4952-915d-42e971ce8529
52.3909,9.7522,1654677865916,881adde5-5f36-4952-915d-42e971ce8529
